sido,gugun,dong,jibun,complex_name,area_m2,deal_ym,deal_day,price_만원,floor,built_year,deal_date,행정동+단지명
서울특별시,동대문구,휘경동,57,주공2,39.98,202412,28,49000,6,2001,2024-12-28,휘경동주공2
서울특별시,노원구,하계동,284,한신1,27.0,202412,23,29000,11,1988,2024-12-23,하계동한신1
서울특별시,동대문구,휘경동,57,주공2,39.98,202412,20,46000,16,2001,2024-12-20,휘경동주공2
서울특별시,동작구,사당동,105,극동(105),84.32,202412,20,85000,20,1993,2024-12-20,극동(105)
서울특별시,동작구,사당동,105,신동아4,59.89,202412,14,102000,5,1993,2024-12-14,사당동신동아4
서울특별시,동대문구,휘경동,57,주공1,84.84,202412,14,80000,3,2001,2024-12-14,휘경동주공1
서울특별시,노원구,하계동,284,한신2,44.52,202412,13,46750,3,1988,2024-12-13,하계동한신2
서울특별시,강남구,개포동,12,성원대치2단지아파트,49.86,202412,11,150000,6,1992,2024-12-11,성원대치2단지아파트
서울특별시,동작구,사당동,105,사당우성3,84.66,202412,7,117000,3,1993,2024-12-07,사당우성3
서울특별시,동대문구,휘경동,57,주공1,84.84,202412,7,73700,1,2001,2024-12-07,휘경동주공1
서울특별시,동대문구,휘경동,57,주공2,39.98,202412,7,42900,2,2001,2024-12-07,휘경동주공2
서울특별시,강남구,개포동,12,삼익대청아파트,39.53,202411,30,121000,4,1992,2024-11-30,삼익대청아파트
서울특별시,강남구,개포동,12,삼익대청아파트,51.12,202411,27,150000,6,1992,2024-11-27,삼익대청아파트
서울특별시,노원구,하계동,284,한신1,27.0,202411,27,30000,10,1988,2024-11-27,하계동한신1
서울특별시,동대문구,휘경동,57,주공1,84.84,202411,23,78000,4,2001,2024-11-23,휘경동주공1
서울특별시,동대문구,휘경동,57,주공1,114.73,202411,23,88500,12,2001,2024-11-23,휘경동주공1
서울특별시,동대문구,휘경동,57,주공2,39.98,202411,23,47000,14,2001,2024-11-23,휘경동주공2
서울특별시,노원구,하계동,284,한신1,44.52,202411,23,48000,7,1988,2024-11-23,하계동한신1
서울특별시,동작구,사당동,105,사당우성2,59.89,202411,23,102500,3,1993,2024-11-23,사당우성2
서울특별시,동작구,사당동,105,극동(105),51.57,202411,23,87500,8,1993,2024-11-23,극동(105)
서울특별시,노원구,하계동,284,한신1,27.0,202411,19,30000,6,1988,2024-11-19,하계동한신1
서울특별시,동작구,사당동,105,사당우성2,84.66,202411,17,125500,15,1993,2024-11-17,사당우성2
서울특별시,동작구,사당동,105,극동(105),110.14,202411,17,118000,13,1993,2024-11-17,극동(105)
서울특별시,동작구,사당동,105,사당우성2,59.89,202411,16,104000,15,1993,2024-11-16,사당우성2
서울특별시,강남구,개포동,12,성원대치2단지아파트,49.86,202411,16,153000,14,1992,2024-11-16,성원대치2단지아파트
서울특별시,강남구,개포동,12,삼익대청아파트,39.53,202411,12,120500,15,1992,2024-11-12,삼익대청아파트
서울특별시,동대문구,휘경동,57,주공1,84.8,202411,11,79000,19,2001,2024-11-11,휘경동주공1
서울특별시,동작구,사당동,105,극동(105),51.57,202411,9,89000,9,1993,2024-11-09,극동(105)
서울특별시,광진구,광장동,218-1,극동1,84.55,202411,8,190000,13,1985,2024-11-08,극동1
서울특별시,강남구,개포동,12,삼익대청아파트,39.53,202411,8,121500,6,1992,2024-11-08,삼익대청아파트
서울특별시,동대문구,휘경동,57,주공1,114.96,202411,7,91000,17,2001,2024-11-07,휘경동주공1
서울특별시,노원구,하계동,284,청구,84.97,202411,5,85000,6,1988,2024-11-05,하계동청구
서울특별시,동작구,사당동,105,사당우성3,46.75,202411,5,55000,12,1993,2024-11-05,사당우성3
서울특별시,동작구,사당동,105,사당우성3,84.66,202411,2,107500,3,1993,2024-11-02,사당우성3
서울특별시,동작구,사당동,105,신동아4,59.89,202411,2,97000,11,1993,2024-11-02,사당동신동아4
서울특별시,동작구,사당동,105,사당우성2,46.75,202411,2,83000,2,1993,2024-11-02,사당우성2
서울특별시,광진구,광장동,218-1,극동1,126.94,202411,1,155100,2,1985,2024-11-01,극동1
서울특별시,강남구,개포동,185,개포주공7단지,83.7,202410,30,245000,12,1983,2024-10-30,개포주공7단지
서울특별시,노원구,하계동,284,한신2,44.52,202410,29,46500,5,1988,2024-10-29,하계동한신2
서울특별시,동작구,사당동,105,사당우성2,46.75,202410,26,85800,8,1993,2024-10-26,사당우성2
서울특별시,동작구,사당동,105,신동아4,59.89,202410,26,98750,8,1993,2024-10-26,사당동신동아4
서울특별시,동작구,사당동,105,극동(105),51.57,202410,23,87000,3,1993,2024-10-23,극동(105)
서울특별시,강남구,개포동,185,개포주공7단지,53.46,202410,21,235000,5,1983,2024-10-21,개포주공7단지
서울특별시,동대문구,휘경동,57,주공2,59.79,202410,19,64000,7,2001,2024-10-19,휘경동주공2
서울특별시,광진구,광장동,218-1,극동2,102.61,202410,19,208000,3,1989,2024-10-19,극동2
서울특별시,동작구,사당동,105,신동아4,59.89,202410,19,97000,7,1993,2024-10-19,사당동신동아4
서울특별시,동작구,사당동,105,사당우성3,59.89,202410,19,100000,8,1993,2024-10-19,사당우성3
서울특별시,강남구,개포동,185,개포주공7단지,53.46,202410,19,228000,3,1983,2024-10-19,개포주공7단지
서울특별시,동작구,사당동,105,사당우성3,59.89,202410,18,94300,1,1993,2024-10-18,사당우성3
서울특별시,동작구,사당동,105,사당우성2,59.89,202410,18,105000,9,1993,2024-10-18,사당우성2
서울특별시,동대문구,휘경동,57,주공2,39.98,202410,18,45500,14,2001,2024-10-18,휘경동주공2
서울특별시,강남구,개포동,12,삼익대청아파트,60.0,202410,16,170000,4,1992,2024-10-16,삼익대청아파트
서울특별시,강남구,개포동,12,성원대치2단지아파트,39.53,202410,15,128500,14,1992,2024-10-15,성원대치2단지아파트
서울특별시,광진구,광장동,218-1,극동1,126.94,202410,14,247500,11,1985,2024-10-14,극동1
서울특별시,동작구,사당동,105,극동(105),84.32,202410,14,102700,9,1993,2024-10-14,극동(105)
서울특별시,광진구,광장동,218-1,극동2,75.55,202410,12,171000,8,1989,2024-10-12,극동2
서울특별시,동작구,사당동,105,사당우성3,59.89,202410,12,90000,1,1993,2024-10-12,사당우성3
서울특별시,강남구,개포동,185,개포주공6단지,60.13,202410,12,250000,1,1983,2024-10-12,개포주공6단지
서울특별시,동대문구,휘경동,57,주공2,39.98,202410,9,46500,13,2001,2024-10-09,휘경동주공2
서울특별시,동작구,사당동,105,극동(105),84.32,202410,9,100500,13,1993,2024-10-09,극동(105)
서울특별시,강남구,개포동,12,삼익대청아파트,51.12,202410,3,149000,14,1992,2024-10-03,삼익대청아파트
서울특별시,동작구,사당동,105,극동(105),59.25,202410,1,100000,3,1993,2024-10-01,극동(105)
서울특별시,동작구,사당동,105,사당우성2,59.89,202409,28,109000,10,1993,2024-09-28,사당우성2
서울특별시,동작구,사당동,105,사당우성3,59.89,202409,28,99500,13,1993,2024-09-28,사당우성3
서울특별시,동작구,사당동,105,사당우성2,84.66,202409,27,122700,4,1993,2024-09-27,사당우성2
서울특별시,강남구,개포동,185,개포주공7단지,60.76,202409,27,249000,5,1983,2024-09-27,개포주공7단지
서울특별시,강남구,개포동,185,개포주공6단지,53.06,202409,27,232000,7,1983,2024-09-27,개포주공6단지
서울특별시,동대문구,휘경동,57,주공2,39.97,202409,26,41900,14,2001,2024-09-26,휘경동주공2
서울특별시,동작구,사당동,105,신동아4,59.89,202409,25,103000,9,1993,2024-09-25,사당동신동아4
서울특별시,동대문구,휘경동,57,주공2,39.98,202409,24,44500,3,2001,2024-09-24,휘경동주공2
서울특별시,동대문구,휘경동,57,주공1,84.86,202409,24,77000,18,2001,2024-09-24,휘경동주공1
서울특별시,강남구,개포동,185,개포주공7단지,60.76,202409,24,250000,7,1983,2024-09-24,개포주공7단지
서울특별시,강남구,개포동,12,성원대치2단지아파트,33.18,202409,23,104000,10,1992,2024-09-23,성원대치2단지아파트
서울특별시,동작구,사당동,105,사당우성2,108.08,202409,23,137500,14,1993,2024-09-23,사당우성2
서울특별시,노원구,하계동,284,한신2,35.28,202409,23,38200,14,1988,2024-09-23,하계동한신2
서울특별시,강남구,개포동,12,성원대치2단지아파트,49.86,202409,22,153000,13,1992,2024-09-22,성원대치2단지아파트
서울특별시,동대문구,휘경동,57,주공2,59.79,202409,21,63000,5,2001,2024-09-21,휘경동주공2
서울특별시,동대문구,휘경동,57,주공1,114.73,202409,21,87800,1,2001,2024-09-21,휘경동주공1
서울특별시,동대문구,휘경동,57,주공2,59.97,202409,19,55000,2,2001,2024-09-19,휘경동주공2
서울특별시,동작구,사당동,105,사당우성3,84.66,202409,19,123000,9,1993,2024-09-19,사당우성3
서울특별시,동대문구,휘경동,57,주공2,59.79,202409,14,64500,21,2001,2024-09-14,휘경동주공2
서울특별시,동대문구,휘경동,57,주공2,39.97,202409,14,39900,6,2001,2024-09-14,휘경동주공2
서울특별시,동대문구,휘경동,57,주공2,39.98,202409,14,32000,17,2001,2024-09-14,휘경동주공2
서울특별시,동대문구,휘경동,57,주공2,39.98,202409,14,45000,11,2001,2024-09-14,휘경동주공2
서울특별시,동작구,사당동,105,사당우성2,84.66,202409,14,127000,9,1993,2024-09-14,사당우성2
서울특별시,동작구,사당동,105,사당우성2,59.89,202409,13,108000,14,1993,2024-09-13,사당우성2
서울특별시,노원구,하계동,284,한신1,44.52,202409,11,44500,1,1988,2024-09-11,하계동한신1
서울특별시,광진구,광장동,218-1,극동2,75.55,202409,9,169500,10,1989,2024-09-09,극동2
서울특별시,노원구,하계동,284,한신1,44.52,202409,9,45000,2,1988,2024-09-09,하계동한신1
서울특별시,강남구,개포동,185,개포주공7단지,83.7,202409,7,284000,1,1983,2024-09-07,개포주공7단지
서울특별시,동작구,사당동,105,사당우성2,84.66,202409,7,124000,11,1993,2024-09-07,사당우성2
서울특별시,동대문구,휘경동,57,주공2,59.13,202409,7,67500,9,2001,2024-09-07,휘경동주공2
서울특별시,동대문구,휘경동,57,주공2,39.97,202409,6,39900,4,2001,2024-09-06,휘경동주공2
서울특별시,동대문구,휘경동,57,주공1,114.96,202409,6,87500,8,2001,2024-09-06,휘경동주공1
서울특별시,동작구,사당동,105,사당우성2,46.75,202409,5,85000,11,1993,2024-09-05,사당우성2
서울특별시,동대문구,휘경동,57,주공2,39.98,202409,2,43700,14,2001,2024-09-02,휘경동주공2
서울특별시,강남구,개포동,12,성원대치2단지아파트,33.18,202408,31,105000,9,1992,2024-08-31,성원대치2단지아파트
서울특별시,강남구,개포동,185,개포주공6단지,73.02,202408,31,268000,3,1983,2024-08-31,개포주공6단지
서울특별시,동작구,사당동,105,극동(105),109.7,202408,31,117000,2,1993,2024-08-31,극동(105)
서울특별시,광진구,광장동,218-1,극동1,126.94,202408,30,225000,5,1985,2024-08-30,극동1
서울특별시,동작구,사당동,105,극동(105),51.57,202408,30,89000,5,1993,2024-08-30,극동(105)
서울특별시,강남구,개포동,12,성원대치2단지아파트,39.53,202408,28,122500,2,1992,2024-08-28,성원대치2단지아파트
서울특별시,동작구,사당동,105,사당우성2,118.25,202408,28,154000,8,1993,2024-08-28,사당우성2
서울특별시,동작구,사당동,105,신동아4,59.89,202408,28,99900,8,1993,2024-08-28,사당동신동아4
서울특별시,노원구,하계동,284,한신2,44.52,202408,28,45500,7,1988,2024-08-28,하계동한신2
서울특별시,동대문구,휘경동,57,주공2,39.98,202408,27,43800,5,2001,2024-08-27,휘경동주공2
서울특별시,광진구,광장동,218-1,극동2,84.55,202408,27,180000,13,1989,2024-08-27,극동2
서울특별시,동작구,사당동,105,사당우성3,108.08,202408,26,122000,13,1993,2024-08-26,사당우성3
서울특별시,동작구,사당동,105,극동(105),51.57,202408,25,88500,8,1993,2024-08-25,극동(105)
서울특별시,노원구,하계동,284,한신1,35.28,202408,24,38000,6,1988,2024-08-24,하계동한신1
서울특별시,동대문구,휘경동,57,주공2,39.98,202408,24,42000,2,2001,2024-08-24,휘경동주공2
서울특별시,광진구,광장동,218-1,극동1,84.55,202408,24,178000,1,1985,2024-08-24,극동1
서울특별시,동작구,사당동,105,사당우성3,46.75,202408,24,77000,2,1993,2024-08-24,사당우성3
서울특별시,동작구,사당동,105,극동(105),84.32,202408,24,103500,12,1993,2024-08-24,극동(105)
서울특별시,동작구,사당동,105,사당우성3,84.66,202408,24,114000,2,1993,2024-08-24,사당우성3
서울특별시,강남구,개포동,185,개포주공6단지,83.21,202408,24,277700,5,1983,2024-08-24,개포주공6단지
서울특별시,동작구,사당동,105,극동(105),119.5,202408,23,112500,9,1993,2024-08-23,극동(105)
서울특별시,동작구,사당동,105,사당우성3,108.08,202408,23,125000,15,1993,2024-08-23,사당우성3
서울특별시,동작구,사당동,105,극동(105),59.25,202408,23,100000,15,1993,2024-08-23,극동(105)
서울특별시,동대문구,휘경동,57,주공1,84.75,202408,23,79300,7,2001,2024-08-23,휘경동주공1
서울특별시,동대문구,휘경동,57,주공2,39.98,202408,23,43480,5,2001,2024-08-23,휘경동주공2
서울특별시,동대문구,휘경동,57,주공2,59.13,202408,22,67000,15,2001,2024-08-22,휘경동주공2
서울특별시,동대문구,휘경동,57,주공2,59.13,202408,22,61000,12,2001,2024-08-22,휘경동주공2
서울특별시,동작구,사당동,105,사당우성3,108.08,202408,22,100000,11,1993,2024-08-22,사당우성3
서울특별시,강남구,개포동,12,삼익대청아파트,51.12,202408,22,148000,13,1992,2024-08-22,삼익대청아파트
서울특별시,동작구,사당동,105,신동아4,118.25,202408,21,129000,3,1993,2024-08-21,사당동신동아4
서울특별시,강남구,개포동,185,개포주공7단지,83.7,202408,19,288000,12,1983,2024-08-19,개포주공7단지
서울특별시,광진구,광장동,218-1,극동2,75.55,202408,17,165000,13,1989,2024-08-17,극동2
서울특별시,동대문구,휘경동,57,주공1,114.96,202408,17,88700,8,2001,2024-08-17,휘경동주공1
서울특별시,노원구,하계동,284,청구,70.69,202408,17,71300,4,1988,2024-08-17,하계동청구
서울특별시,동작구,사당동,105,사당우성2,84.66,202408,16,122500,3,1993,2024-08-16,사당우성2
서울특별시,동작구,사당동,105,사당우성3,84.66,202408,16,109000,1,1993,2024-08-16,사당우성3
서울특별시,동작구,사당동,105,극동(105),84.32,202408,16,102700,9,1993,2024-08-16,극동(105)
서울특별시,강남구,개포동,12,성원대치2단지아파트,39.53,202408,16,132000,13,1992,2024-08-16,성원대치2단지아파트
서울특별시,강남구,개포동,185,개포주공7단지,73.26,202408,15,264000,5,1983,2024-08-15,개포주공7단지
서울특별시,강남구,개포동,185,개포주공6단지,60.13,202408,15,240000,3,1983,2024-08-15,개포주공6단지
서울특별시,강남구,개포동,12,성원대치2단지아파트,39.53,202408,15,129000,13,1992,2024-08-15,성원대치2단지아파트
서울특별시,동대문구,휘경동,57,주공2,39.98,202408,14,44300,8,2001,2024-08-14,휘경동주공2
서울특별시,동대문구,휘경동,57,주공2,59.13,202408,13,67700,21,2001,2024-08-13,휘경동주공2
서울특별시,광진구,광장동,218-1,극동2,84.55,202408,10,169500,12,1989,2024-08-10,극동2
서울특별시,동대문구,휘경동,57,주공1,84.82,202408,10,74000,1,2001,2024-08-10,휘경동주공1
서울특별시,노원구,하계동,284,청구,70.69,202408,10,68000,3,1988,2024-08-10,하계동청구
서울특별시,노원구,하계동,284,한신1,27.0,202408,10,29000,8,1988,2024-08-10,하계동한신1
서울특별시,동작구,사당동,105,극동(105),109.7,202408,10,105000,3,1993,2024-08-10,극동(105)
서울특별시,동작구,사당동,105,사당우성3,84.66,202408,10,111900,4,1993,2024-08-10,사당우성3
서울특별시,동작구,사당동,105,극동(105),84.32,202408,10,104500,18,1993,2024-08-10,극동(105)
서울특별시,동작구,사당동,105,극동(105),84.32,202408,10,104500,18,1993,2024-08-10,극동(105)
서울특별시,강남구,개포동,185,개포주공6단지,83.21,202408,9,275000,3,1983,2024-08-09,개포주공6단지
서울특별시,강남구,개포동,12,성원대치2단지아파트,39.53,202408,8,132000,13,1992,2024-08-08,성원대치2단지아파트
서울특별시,동작구,사당동,105,사당우성3,108.08,202408,7,119000,12,1993,2024-08-07,사당우성3
서울특별시,강남구,개포동,12,삼익대청아파트,60.0,202408,7,165000,6,1992,2024-08-07,삼익대청아파트
서울특별시,강남구,개포동,12,삼익대청아파트,60.0,202408,7,165000,6,1992,2024-08-07,삼익대청아파트
서울특별시,노원구,하계동,284,한신1,35.28,202408,7,39000,12,1988,2024-08-07,하계동한신1
서울특별시,노원구,하계동,284,청구,84.97,202408,7,84500,9,1988,2024-08-07,하계동청구
서울특별시,동작구,사당동,105,극동(105),119.91,202408,6,122000,7,1993,2024-08-06,극동(105)
서울특별시,강남구,개포동,12,삼익대청아파트,51.12,202408,5,141000,2,1992,2024-08-05,삼익대청아파트
서울특별시,동작구,사당동,105,사당우성3,59.89,202408,4,100000,10,1993,2024-08-04,사당우성3
서울특별시,동작구,사당동,105,신동아4,59.89,202408,3,100000,6,1993,2024-08-03,사당동신동아4
서울특별시,동작구,사당동,105,극동(105),46.75,202408,3,77000,10,1993,2024-08-03,극동(105)
서울특별시,강남구,개포동,12,성원대치2단지아파트,33.18,202408,3,105000,3,1992,2024-08-03,성원대치2단지아파트
서울특별시,동작구,사당동,105,신동아4,59.89,202408,3,100000,6,1993,2024-08-03,사당동신동아4
서울특별시,동작구,사당동,105,극동(105),46.75,202408,3,77000,8,1993,2024-08-03,극동(105)
서울특별시,동작구,사당동,105,사당우성2,59.89,202408,2,92500,1,1993,2024-08-02,사당우성2
서울특별시,노원구,하계동,284,한신1,35.28,202407,30,40500,12,1988,2024-07-30,하계동한신1
서울특별시,광진구,광장동,218-1,극동1,126.94,202407,30,228500,7,1985,2024-07-30,극동1
서울특별시,광진구,광장동,218-1,극동2,75.55,202407,30,154300,1,1989,2024-07-30,극동2
서울특별시,강남구,개포동,12,삼익대청아파트,51.12,202407,29,149000,4,1992,2024-07-29,삼익대청아파트
서울특별시,노원구,하계동,284,청구,70.69,202407,29,70000,13,1988,2024-07-29,하계동청구
서울특별시,동작구,사당동,105,사당우성2,118.25,202407,28,152000,10,1993,2024-07-28,사당우성2
서울특별시,노원구,하계동,284,한신1,27.0,202407,27,29500,2,1988,2024-07-27,하계동한신1
서울특별시,노원구,하계동,284,한신1,27.0,202407,27,31000,9,1988,2024-07-27,하계동한신1
서울특별시,동작구,사당동,105,사당우성3,46.75,202407,27,75000,4,1993,2024-07-27,사당우성3
서울특별시,동작구,사당동,105,사당우성2,59.89,202407,27,109000,14,1993,2024-07-27,사당우성2
서울특별시,동작구,사당동,105,사당우성2,84.66,202407,27,125000,11,1993,2024-07-27,사당우성2
서울특별시,강남구,개포동,185,개포주공7단지,60.76,202407,27,238000,7,1983,2024-07-27,개포주공7단지
서울특별시,광진구,광장동,218-1,극동2,84.55,202407,27,175000,9,1989,2024-07-27,극동2
서울특별시,동대문구,휘경동,57,주공2,59.13,202407,27,64500,11,2001,2024-07-27,휘경동주공2
서울특별시,동대문구,휘경동,57,주공2,39.98,202407,27,43000,9,2001,2024-07-27,휘경동주공2
서울특별시,광진구,광장동,218-1,극동2,84.55,202407,26,175000,11,1989,2024-07-26,극동2
서울특별시,강남구,개포동,12,성원대치2단지아파트,39.53,202407,26,95000,9,1992,2024-07-26,성원대치2단지아파트
서울특별시,동작구,사당동,105,극동(105),84.32,202407,26,104000,5,1993,2024-07-26,극동(105)
서울특별시,노원구,하계동,284,한신2,44.52,202407,25,47000,5,1988,2024-07-25,하계동한신2
서울특별시,동작구,사당동,105,극동(105),119.5,202407,25,110000,17,1993,2024-07-25,극동(105)
서울특별시,동작구,사당동,105,신동아4,59.89,202407,24,97000,7,1993,2024-07-24,사당동신동아4
서울특별시,동작구,사당동,105,신동아4,59.89,202407,24,97000,7,1993,2024-07-24,사당동신동아4
서울특별시,동작구,사당동,105,신동아4,59.89,202407,24,97000,7,1993,2024-07-24,사당동신동아4
서울특별시,노원구,하계동,284,한신2,44.52,202407,24,49500,10,1988,2024-07-24,하계동한신2
서울특별시,노원구,하계동,284,한신1,35.28,202407,24,36500,4,1988,2024-07-24,하계동한신1
서울특별시,노원구,하계동,284,한신1,27.0,202407,23,30000,15,1988,2024-07-23,하계동한신1
서울특별시,동작구,사당동,105,신동아4,59.89,202407,21,94700,8,1993,2024-07-21,사당동신동아4
서울특별시,노원구,하계동,284,한신1,35.28,202407,20,35500,2,1988,2024-07-20,하계동한신1
서울특별시,노원구,하계동,284,한신1,27.0,202407,20,31000,8,1988,2024-07-20,하계동한신1
서울특별시,동대문구,휘경동,57,주공1,114.96,202407,20,87000,6,2001,2024-07-20,휘경동주공1
서울특별시,동대문구,휘경동,57,주공2,39.98,202407,20,43600,14,2001,2024-07-20,휘경동주공2
서울특별시,동대문구,휘경동,57,주공2,39.97,202407,20,38500,4,2001,2024-07-20,휘경동주공2
서울특별시,동대문구,휘경동,57,주공2,39.98,202407,20,42300,3,2001,2024-07-20,휘경동주공2
서울특별시,강남구,개포동,12,삼익대청아파트,60.0,202407,20,159500,3,1992,2024-07-20,삼익대청아파트
서울특별시,강남구,개포동,12,삼익대청아파트,39.53,202407,20,132500,11,1992,2024-07-20,삼익대청아파트
서울특별시,동작구,사당동,105,극동(105),119.91,202407,20,118000,6,1993,2024-07-20,극동(105)
서울특별시,동작구,사당동,105,사당우성2,84.66,202407,20,130000,12,1993,2024-07-20,사당우성2
서울특별시,동작구,사당동,105,사당우성3,46.75,202407,19,72000,2,1993,2024-07-19,사당우성3
서울특별시,동대문구,휘경동,57,주공1,84.29,202407,19,78000,19,2001,2024-07-19,휘경동주공1
서울특별시,동대문구,휘경동,57,주공1,114.73,202407,18,88800,8,2001,2024-07-18,휘경동주공1
서울특별시,강남구,개포동,185,개포주공6단지,73.02,202407,18,258000,7,1983,2024-07-18,개포주공6단지
서울특별시,동작구,사당동,105,사당우성3,84.66,202407,18,120500,10,1993,2024-07-18,사당우성3
서울특별시,노원구,하계동,284,한신1,27.0,202407,17,31500,6,1988,2024-07-17,하계동한신1
서울특별시,동작구,사당동,105,신동아4,59.89,202407,17,103000,14,1993,2024-07-17,사당동신동아4
서울특별시,동작구,사당동,105,극동(105),84.32,202407,16,103500,3,1993,2024-07-16,극동(105)
서울특별시,동작구,사당동,105,사당우성3,59.89,202407,16,100000,5,1993,2024-07-16,사당우성3
서울특별시,노원구,하계동,284,한신1,27.0,202407,15,29900,4,1988,2024-07-15,하계동한신1
서울특별시,광진구,광장동,218-1,극동2,84.55,202407,13,165000,5,1989,2024-07-13,극동2
서울특별시,동대문구,휘경동,57,주공2,59.13,202407,13,64900,2,2001,2024-07-13,휘경동주공2
서울특별시,강남구,개포동,12,성원대치2단지아파트,33.18,202407,13,98000,1,1992,2024-07-13,성원대치2단지아파트
서울특별시,강남구,개포동,12,성원대치2단지아파트,49.86,202407,13,137000,1,1992,2024-07-13,성원대치2단지아파트
서울특별시,동작구,사당동,105,신동아4,59.89,202407,13,97500,13,1993,2024-07-13,사당동신동아4
서울특별시,동작구,사당동,105,신동아4,59.89,202407,13,93000,3,1993,2024-07-13,사당동신동아4
서울특별시,동작구,사당동,105,사당우성2,84.66,202407,13,122000,7,1993,2024-07-13,사당우성2
서울특별시,동작구,사당동,105,신동아4,84.46,202407,13,120000,7,1993,2024-07-13,사당동신동아4
서울특별시,동작구,사당동,105,극동(105),110.14,202407,13,108000,14,1993,2024-07-13,극동(105)
서울특별시,동작구,사당동,105,극동(105),51.57,202407,13,85300,4,1993,2024-07-13,극동(105)
서울특별시,강남구,개포동,12,성원대치2단지아파트,39.53,202407,12,134000,9,1992,2024-07-12,성원대치2단지아파트
서울특별시,강남구,개포동,185,개포주공7단지,53.46,202407,12,210000,11,1983,2024-07-12,개포주공7단지
서울특별시,동작구,사당동,105,극동(105),46.75,202407,12,75300,14,1993,2024-07-12,극동(105)
서울특별시,노원구,하계동,284,한신1,27.0,202407,10,28500,1,1988,2024-07-10,하계동한신1
서울특별시,동작구,사당동,105,극동(105),46.75,202407,9,75000,11,1993,2024-07-09,극동(105)
서울특별시,강남구,개포동,12,삼익대청아파트,51.12,202407,9,148000,11,1992,2024-07-09,삼익대청아파트
서울특별시,광진구,광장동,218-1,극동2,84.55,202407,9,161000,6,1989,2024-07-09,극동2
서울특별시,동대문구,휘경동,57,주공1,84.73,202407,9,78000,5,2001,2024-07-09,휘경동주공1
서울특별시,동대문구,휘경동,57,주공2,59.79,202407,9,62000,5,2001,2024-07-09,휘경동주공2
서울특별시,동대문구,휘경동,57,주공1,84.8,202407,8,80000,9,2001,2024-07-08,휘경동주공1
서울특별시,강남구,개포동,185,개포주공6단지,73.02,202407,8,258000,15,1983,2024-07-08,개포주공6단지
서울특별시,강남구,개포동,12,삼익대청아파트,51.12,202407,8,140000,3,1992,2024-07-08,삼익대청아파트
서울특별시,노원구,하계동,284,한신1,44.52,202407,8,46900,7,1988,2024-07-08,하계동한신1
서울특별시,동작구,사당동,105,사당우성3,84.66,202407,7,120800,11,1993,2024-07-07,사당우성3
서울특별시,동작구,사당동,105,사당우성2,59.89,202407,7,100000,14,1993,2024-07-07,사당우성2
서울특별시,동대문구,휘경동,57,주공1,84.84,202407,6,77500,7,2001,2024-07-06,휘경동주공1
서울특별시,동대문구,휘경동,57,주공1,84.82,202407,6,74000,21,2001,2024-07-06,휘경동주공1
서울특별시,강남구,개포동,185,개포주공7단지,83.7,202407,6,262000,1,1983,2024-07-06,개포주공7단지
서울특별시,강남구,개포동,12,성원대치2단지아파트,33.18,202407,6,107500,7,1992,2024-07-06,성원대치2단지아파트
서울특별시,강남구,개포동,185,개포주공7단지,73.26,202407,5,239000,8,1983,2024-07-05,개포주공7단지
서울특별시,강남구,개포동,12,삼익대청아파트,51.12,202407,5,147500,13,1992,2024-07-05,삼익대청아파트
서울특별시,강남구,개포동,12,성원대치2단지아파트,49.86,202407,4,150000,10,1992,2024-07-04,성원대치2단지아파트
서울특별시,강남구,개포동,185,개포주공7단지,83.7,202407,4,210000,9,1983,2024-07-04,개포주공7단지
서울특별시,노원구,하계동,284,한신1,44.52,202407,4,45000,14,1988,2024-07-04,하계동한신1
서울특별시,동대문구,휘경동,57,주공2,59.13,202407,4,64800,20,2001,2024-07-04,휘경동주공2
서울특별시,광진구,광장동,218-1,극동2,84.55,202407,3,164100,5,1989,2024-07-03,극동2
서울특별시,강남구,개포동,185,개포주공7단지,83.7,202407,2,267000,13,1983,2024-07-02,개포주공7단지
서울특별시,동대문구,휘경동,57,주공1,84.84,202407,2,72500,2,2001,2024-07-02,휘경동주공1
서울특별시,노원구,하계동,284,한신1,27.0,202407,1,30000,14,1988,2024-07-01,하계동한신1
서울특별시,동작구,사당동,105,극동(105),109.7,202407,1,110000,14,1993,2024-07-01,극동(105)
서울특별시,동작구,사당동,105,신동아4,59.89,202407,1,89700,1,1993,2024-07-01,사당동신동아4
서울특별시,동작구,사당동,105,사당우성2,59.89,202406,29,105000,5,1993,2024-06-29,사당우성2
서울특별시,동작구,사당동,105,극동(105),51.57,202406,29,84000,15,1993,2024-06-29,극동(105)
서울특별시,동대문구,휘경동,57,주공2,39.98,202406,29,43450,4,2001,2024-06-29,휘경동주공2
서울특별시,동대문구,휘경동,57,주공2,39.98,202406,29,43450,4,2001,2024-06-29,휘경동주공2
서울특별시,동대문구,휘경동,57,주공2,39.97,202406,29,38500,23,2001,2024-06-29,휘경동주공2
서울특별시,광진구,광장동,218-1,극동1,126.94,202406,29,205000,2,1985,2024-06-29,극동1
서울특별시,광진구,광장동,218-1,극동2,84.55,202406,29,166000,6,1989,2024-06-29,극동2
서울특별시,동대문구,휘경동,57,주공1,114.96,202406,28,85000,7,2001,2024-06-28,휘경동주공1
서울특별시,노원구,하계동,284,한신1,27.0,202406,28,29500,13,1988,2024-06-28,하계동한신1
서울특별시,노원구,하계동,284,한신2,44.52,202406,28,43800,15,1988,2024-06-28,하계동한신2
서울특별시,동작구,사당동,105,사당우성3,59.89,202406,27,95000,15,1993,2024-06-27,사당우성3
서울특별시,동작구,사당동,105,신동아4,59.89,202406,27,92500,3,1993,2024-06-27,사당동신동아4
서울특별시,강남구,개포동,12,삼익대청아파트,60.0,202406,27,170000,9,1992,2024-06-27,삼익대청아파트
서울특별시,강남구,개포동,12,성원대치2단지아파트,39.53,202406,27,125000,13,1992,2024-06-27,성원대치2단지아파트
서울특별시,노원구,하계동,284,청구,70.69,202406,26,63800,15,1988,2024-06-26,하계동청구
서울특별시,강남구,개포동,12,성원대치2단지아파트,33.18,202406,26,94000,6,1992,2024-06-26,성원대치2단지아파트
서울특별시,강남구,개포동,185,개포주공6단지,73.02,202406,26,242000,10,1983,2024-06-26,개포주공6단지
서울특별시,동작구,사당동,105,사당우성3,118.25,202406,26,115000,5,1993,2024-06-26,사당우성3
서울특별시,동작구,사당동,105,사당우성2,59.89,202406,25,99500,7,1993,2024-06-25,사당우성2
서울특별시,동작구,사당동,105,신동아4,59.89,202406,24,96000,9,1993,2024-06-24,사당동신동아4
서울특별시,동작구,사당동,105,극동(105),51.57,202406,24,88000,4,1993,2024-06-24,극동(105)
서울특별시,동작구,사당동,105,사당우성3,59.89,202406,24,94000,15,1993,2024-06-24,사당우성3
서울특별시,노원구,하계동,284,청구,70.69,202406,24,68000,12,1988,2024-06-24,하계동청구
서울특별시,동작구,사당동,105,극동(105),46.75,202406,23,70000,2,1993,2024-06-23,극동(105)
서울특별시,강남구,개포동,12,삼익대청아파트,51.12,202406,22,145000,10,1992,2024-06-22,삼익대청아파트
서울특별시,동작구,사당동,105,극동(105),110.14,202406,22,108500,13,1993,2024-06-22,극동(105)
서울특별시,강남구,개포동,185,개포주공6단지,83.21,202406,22,272000,7,1983,2024-06-22,개포주공6단지
서울특별시,동작구,사당동,105,사당우성3,59.89,202406,22,93000,9,1993,2024-06-22,사당우성3
서울특별시,동작구,사당동,105,극동(105),59.25,202406,22,96000,14,1993,2024-06-22,극동(105)
서울특별시,동대문구,휘경동,57,주공2,39.98,202406,21,44500,5,2001,2024-06-21,휘경동주공2
서울특별시,강남구,개포동,12,성원대치2단지아파트,49.86,202406,21,149000,15,1992,2024-06-21,성원대치2단지아파트
서울특별시,동작구,사당동,105,극동(105),46.75,202406,21,74400,10,1993,2024-06-21,극동(105)
서울특별시,동작구,사당동,105,사당우성3,46.75,202406,21,74900,5,1993,2024-06-21,사당우성3
서울특별시,강남구,개포동,185,개포주공6단지,83.21,202406,20,264500,7,1983,2024-06-20,개포주공6단지
서울특별시,동작구,사당동,105,사당우성3,46.75,202406,19,74200,8,1993,2024-06-19,사당우성3
서울특별시,동작구,사당동,105,사당우성3,59.89,202406,19,93000,4,1993,2024-06-19,사당우성3
서울특별시,강남구,개포동,12,삼익대청아파트,60.0,202406,19,168000,11,1992,2024-06-19,삼익대청아파트
서울특별시,강남구,개포동,12,삼익대청아파트,51.12,202406,19,140000,7,1992,2024-06-19,삼익대청아파트
서울특별시,강남구,개포동,12,삼익대청아파트,51.12,202406,19,138000,13,1992,2024-06-19,삼익대청아파트
서울특별시,광진구,광장동,218-1,극동1,84.55,202406,19,165800,2,1985,2024-06-19,극동1
서울특별시,강남구,개포동,185,개포주공6단지,60.13,202406,18,218000,9,1983,2024-06-18,개포주공6단지
서울특별시,강남구,개포동,12,성원대치2단지아파트,33.18,202406,18,100000,4,1992,2024-06-18,성원대치2단지아파트
서울특별시,노원구,하계동,284,한신1,27.0,202406,18,29700,4,1988,2024-06-18,하계동한신1
서울특별시,강남구,개포동,185,개포주공7단지,53.46,202406,17,195000,10,1983,2024-06-17,개포주공7단지
서울특별시,강남구,개포동,12,삼익대청아파트,51.12,202406,17,138000,2,1992,2024-06-17,삼익대청아파트
서울특별시,강남구,개포동,185,개포주공6단지,83.21,202406,17,261000,4,1983,2024-06-17,개포주공6단지
서울특별시,강남구,개포동,12,삼익대청아파트,39.53,202406,17,120000,7,1992,2024-06-17,삼익대청아파트
서울특별시,강남구,개포동,12,삼익대청아파트,60.0,202406,16,173000,9,1992,2024-06-16,삼익대청아파트
서울특별시,노원구,하계동,284,한신1,35.28,202406,15,35800,10,1988,2024-06-15,하계동한신1
서울특별시,광진구,광장동,218-1,극동2,75.55,202406,15,152500,9,1989,2024-06-15,극동2
서울특별시,동작구,사당동,105,극동(105),119.91,202406,15,115000,15,1993,2024-06-15,극동(105)
서울특별시,동작구,사당동,105,사당우성2,118.25,202406,15,150000,9,1993,2024-06-15,사당우성2
서울특별시,동작구,사당동,105,신동아4,118.25,202406,15,142300,11,1993,2024-06-15,사당동신동아4
서울특별시,동작구,사당동,105,극동(105),119.5,202406,15,104000,7,1993,2024-06-15,극동(105)
서울특별시,강남구,개포동,185,개포주공6단지,73.02,202406,14,238000,7,1983,2024-06-14,개포주공6단지
서울특별시,강남구,개포동,185,개포주공7단지,53.46,202406,14,200000,10,1983,2024-06-14,개포주공7단지
서울특별시,강남구,개포동,185,개포주공6단지,73.02,202406,14,238000,7,1983,2024-06-14,개포주공6단지
서울특별시,강남구,개포동,12,삼익대청아파트,39.53,202406,13,115000,3,1992,2024-06-13,삼익대청아파트
서울특별시,동작구,사당동,105,극동(105),46.75,202406,13,76000,15,1993,2024-06-13,극동(105)
서울특별시,동작구,사당동,105,사당우성2,84.66,202406,13,120500,2,1993,2024-06-13,사당우성2
서울특별시,강남구,개포동,12,성원대치2단지아파트,49.86,202406,12,139000,6,1992,2024-06-12,성원대치2단지아파트
서울특별시,광진구,광장동,218-1,극동2,84.55,202406,11,157000,3,1989,2024-06-11,극동2
서울특별시,동대문구,휘경동,57,주공1,84.86,202406,11,74300,20,2001,2024-06-11,휘경동주공1
서울특별시,노원구,하계동,284,한신1,27.0,202406,10,30800,7,1988,2024-06-10,하계동한신1
서울특별시,동대문구,휘경동,57,주공2,39.98,202406,10,42500,3,2001,2024-06-10,휘경동주공2
서울특별시,강남구,개포동,12,성원대치2단지아파트,33.18,202406,10,100500,12,1992,2024-06-10,성원대치2단지아파트
서울특별시,동작구,사당동,105,신동아4,118.25,202406,10,118000,3,1993,2024-06-10,사당동신동아4
서울특별시,강남구,개포동,185,개포주공7단지,73.26,202406,10,233000,10,1983,2024-06-10,개포주공7단지
서울특별시,광진구,광장동,218-1,극동1,84.55,202406,8,175300,12,1985,2024-06-08,극동1
서울특별시,광진구,광장동,218-1,극동1,126.94,202406,8,225000,5,1985,2024-06-08,극동1
서울특별시,동작구,사당동,105,극동(105),46.75,202406,8,74000,15,1993,2024-06-08,극동(105)
서울특별시,강남구,개포동,12,성원대치2단지아파트,39.53,202406,8,109500,3,1992,2024-06-08,성원대치2단지아파트
서울특별시,강남구,개포동,12,성원대치2단지아파트,49.86,202406,8,135000,4,1992,2024-06-08,성원대치2단지아파트
서울특별시,노원구,하계동,284,한신1,27.0,202406,8,29700,11,1988,2024-06-08,하계동한신1
서울특별시,노원구,하계동,284,한신1,27.0,202406,8,30200,10,1988,2024-06-08,하계동한신1
서울특별시,강남구,개포동,12,성원대치2단지아파트,49.86,202406,7,140000,8,1992,2024-06-07,성원대치2단지아파트
서울특별시,광진구,광장동,218-1,극동2,102.61,202406,6,189000,12,1989,2024-06-06,극동2
서울특별시,강남구,개포동,12,성원대치2단지아파트,39.53,202406,6,116000,15,1992,2024-06-06,성원대치2단지아파트
서울특별시,동작구,사당동,105,극동(105),59.25,202406,6,93000,8,1993,2024-06-06,극동(105)
서울특별시,동작구,사당동,105,극동(105),51.57,202406,6,85500,4,1993,2024-06-06,극동(105)
서울특별시,동작구,사당동,105,극동(105),119.91,202406,6,118000,14,1993,2024-06-06,극동(105)
서울특별시,강남구,개포동,185,개포주공6단지,73.02,202406,4,236500,5,1983,2024-06-04,개포주공6단지
서울특별시,동작구,사당동,105,사당우성2,84.66,202406,3,122000,15,1993,2024-06-03,사당우성2
서울특별시,강남구,개포동,12,성원대치2단지아파트,33.18,202406,3,98000,10,1992,2024-06-03,성원대치2단지아파트
서울특별시,강남구,개포동,185,개포주공7단지,60.76,202406,3,210000,5,1983,2024-06-03,개포주공7단지
서울특별시,강남구,개포동,12,성원대치2단지아파트,33.18,202406,1,99000,9,1992,2024-06-01,성원대치2단지아파트
서울특별시,동대문구,휘경동,57,주공2,59.13,202405,31,67000,13,2001,2024-05-31,휘경동주공2
서울특별시,강남구,개포동,12,삼익대청아파트,51.12,202405,30,133000,3,1992,2024-05-30,삼익대청아파트
서울특별시,동작구,사당동,105,사당우성3,46.75,202405,30,73500,14,1993,2024-05-30,사당우성3
서울특별시,강남구,개포동,12,성원대치2단지아파트,39.53,202405,28,116500,3,1992,2024-05-28,성원대치2단지아파트
서울특별시,동대문구,휘경동,57,주공1,114.73,202405,28,80000,2,2001,2024-05-28,휘경동주공1
서울특별시,노원구,하계동,284,한신1,27.0,202405,27,25000,2,1988,2024-05-27,하계동한신1
서울특별시,동작구,사당동,105,신동아4,84.46,202405,27,83000,12,1993,2024-05-27,사당동신동아4
서울특별시,동작구,사당동,105,사당우성3,84.66,202405,25,113000,4,1993,2024-05-25,사당우성3
서울특별시,동작구,사당동,105,극동(105),59.25,202405,25,92000,7,1993,2024-05-25,극동(105)
서울특별시,동대문구,휘경동,57,주공1,84.75,202405,25,79000,14,2001,2024-05-25,휘경동주공1
서울특별시,강남구,개포동,12,삼익대청아파트,51.12,202405,22,135000,8,1992,2024-05-22,삼익대청아파트
서울특별시,강남구,개포동,12,삼익대청아파트,39.53,202405,18,114000,3,1992,2024-05-18,삼익대청아파트
서울특별시,강남구,개포동,12,성원대치2단지아파트,39.53,202405,18,114500,2,1992,2024-05-18,성원대치2단지아파트
서울특별시,강남구,개포동,12,삼익대청아파트,39.53,202405,18,112500,2,1992,2024-05-18,삼익대청아파트
서울특별시,광진구,광장동,218-1,극동2,84.55,202405,18,156000,2,1989,2024-05-18,극동2
서울특별시,동대문구,휘경동,57,주공2,39.98,202405,18,43900,16,2001,2024-05-18,휘경동주공2
서울특별시,광진구,광장동,218-1,극동1,126.94,202405,18,221000,12,1985,2024-05-18,극동1
서울특별시,동작구,사당동,105,신동아4,59.89,202405,17,91500,15,1993,2024-05-17,사당동신동아4
서울특별시,강남구,개포동,12,성원대치2단지아파트,49.86,202405,16,136500,5,1992,2024-05-16,성원대치2단지아파트
서울특별시,강남구,개포동,12,성원대치2단지아파트,39.53,202405,15,112000,6,1992,2024-05-15,성원대치2단지아파트
서울특별시,강남구,개포동,12,성원대치2단지아파트,39.53,202405,15,115000,15,1992,2024-05-15,성원대치2단지아파트
서울특별시,동대문구,휘경동,57,주공2,39.98,202405,15,42700,13,2001,2024-05-15,휘경동주공2
서울특별시,동작구,사당동,105,신동아4,59.89,202405,11,93000,15,1993,2024-05-11,사당동신동아4
서울특별시,강남구,개포동,185,개포주공7단지,73.26,202405,10,239500,10,1983,2024-05-10,개포주공7단지
서울특별시,강남구,개포동,12,삼익대청아파트,51.12,202405,10,139700,14,1992,2024-05-10,삼익대청아파트
서울특별시,동작구,사당동,105,극동(105),59.25,202405,9,92000,12,1993,2024-05-09,극동(105)
서울특별시,강남구,개포동,185,개포주공6단지,73.02,202405,4,236000,10,1983,2024-05-04,개포주공6단지
서울특별시,강남구,개포동,12,성원대치2단지아파트,39.53,202405,4,116000,12,1992,2024-05-04,성원대치2단지아파트
서울특별시,강남구,개포동,12,성원대치2단지아파트,49.86,202405,4,138250,9,1992,2024-05-04,성원대치2단지아파트
서울특별시,동대문구,휘경동,57,주공2,59.79,202405,3,57000,22,2001,2024-05-03,휘경동주공2
서울특별시,동작구,사당동,105,사당우성2,59.89,202405,2,67000,11,1993,2024-05-02,사당우성2
서울특별시,강남구,개포동,12,성원대치2단지아파트,39.53,202405,2,111000,3,1992,2024-05-02,성원대치2단지아파트
서울특별시,동작구,사당동,105,극동(105),59.25,202405,1,91000,11,1993,2024-05-01,극동(105)
서울특별시,동작구,사당동,105,극동(105),84.32,202405,1,99000,14,1993,2024-05-01,극동(105)
서울특별시,노원구,하계동,284,한신1,27.0,202404,27,27800,2,1988,2024-04-27,하계동한신1
서울특별시,동작구,사당동,105,신동아4,59.89,202404,26,95000,12,1993,2024-04-26,사당동신동아4
서울특별시,동작구,사당동,105,극동(105),119.91,202404,25,90000,6,1993,2024-04-25,극동(105)
서울특별시,강남구,개포동,12,성원대치2단지아파트,49.86,202404,24,133000,5,1992,2024-04-24,성원대치2단지아파트
서울특별시,동작구,사당동,105,사당우성2,59.89,202404,24,102500,4,1993,2024-04-24,사당우성2
서울특별시,동작구,사당동,105,극동(105),51.57,202404,23,86500,10,1993,2024-04-23,극동(105)
서울특별시,동대문구,휘경동,57,주공2,59.13,202404,18,64900,19,2001,2024-04-18,휘경동주공2
서울특별시,동작구,사당동,105,사당우성3,59.89,202404,17,91800,14,1993,2024-04-17,사당우성3
서울특별시,동작구,사당동,105,신동아4,46.75,202404,15,76500,4,1993,2024-04-15,사당동신동아4
서울특별시,노원구,하계동,284,한신1,27.0,202404,15,28500,3,1988,2024-04-15,하계동한신1
서울특별시,노원구,하계동,284,한신1,35.28,202404,13,37000,11,1988,2024-04-13,하계동한신1
서울특별시,동작구,사당동,105,극동(105),84.32,202404,13,97000,8,1993,2024-04-13,극동(105)
서울특별시,동작구,사당동,105,사당우성2,59.89,202404,13,103000,15,1993,2024-04-13,사당우성2
서울특별시,강남구,개포동,185,개포주공6단지,73.02,202404,12,190000,13,1983,2024-04-12,개포주공6단지
서울특별시,강남구,개포동,185,개포주공6단지,60.13,202404,10,199000,2,1983,2024-04-10,개포주공6단지
서울특별시,동대문구,휘경동,57,주공1,84.84,202404,10,72000,2,2001,2024-04-10,휘경동주공1
서울특별시,노원구,하계동,284,한신1,27.0,202404,8,29000,10,1988,2024-04-08,하계동한신1
서울특별시,광진구,광장동,218-1,극동2,75.55,202404,8,144000,12,1989,2024-04-08,극동2
서울특별시,동작구,사당동,105,극동(105),119.5,202404,7,111000,8,1993,2024-04-07,극동(105)
서울특별시,광진구,광장동,218-1,극동1,156.92,202404,6,230000,11,1985,2024-04-06,극동1
서울특별시,강남구,개포동,12,성원대치2단지아파트,39.53,202404,6,116000,4,1992,2024-04-06,성원대치2단지아파트
서울특별시,강남구,개포동,12,삼익대청아파트,60.0,202404,5,164000,8,1992,2024-04-05,삼익대청아파트
서울특별시,노원구,하계동,284,한신1,35.28,202404,5,36000,14,1988,2024-04-05,하계동한신1
서울특별시,광진구,광장동,218-1,극동2,84.55,202404,5,163250,13,1989,2024-04-05,극동2
서울특별시,강남구,개포동,12,성원대치2단지아파트,39.53,202404,4,115000,3,1992,2024-04-04,성원대치2단지아파트
서울특별시,동작구,사당동,105,극동(105),59.25,202404,4,93000,7,1993,2024-04-04,극동(105)
서울특별시,노원구,하계동,284,청구,70.69,202404,4,65000,11,1988,2024-04-04,하계동청구
서울특별시,동작구,사당동,105,신동아4,46.75,202404,3,76000,13,1993,2024-04-03,사당동신동아4
서울특별시,광진구,광장동,218-1,극동2,75.55,202404,3,144500,9,1989,2024-04-03,극동2
서울특별시,동대문구,휘경동,57,주공1,114.73,202404,1,88000,16,2001,2024-04-01,휘경동주공1
서울특별시,강남구,개포동,185,개포주공6단지,60.13,202404,1,200000,2,1983,2024-04-01,개포주공6단지
서울특별시,동작구,사당동,105,신동아4,84.46,202404,1,112500,5,1993,2024-04-01,사당동신동아4
서울특별시,강남구,개포동,185,개포주공6단지,73.02,202403,31,238000,8,1983,2024-03-31,개포주공6단지
서울특별시,동작구,사당동,105,사당우성3,46.75,202403,30,68700,3,1993,2024-03-30,사당우성3
서울특별시,동작구,사당동,105,신동아4,46.75,202403,30,70000,1,1993,2024-03-30,사당동신동아4
서울특별시,강남구,개포동,12,삼익대청아파트,39.53,202403,30,115000,13,1992,2024-03-30,삼익대청아파트
서울특별시,강남구,개포동,12,성원대치2단지아파트,39.53,202403,29,110000,3,1992,2024-03-29,성원대치2단지아파트
서울특별시,동작구,사당동,105,신동아4,46.75,202403,29,77000,11,1993,2024-03-29,사당동신동아4
서울특별시,강남구,개포동,185,개포주공7단지,83.7,202403,29,256000,7,1983,2024-03-29,개포주공7단지
서울특별시,노원구,하계동,284,한신1,27.0,202403,28,28000,5,1988,2024-03-28,하계동한신1
서울특별시,동대문구,휘경동,57,주공1,84.75,202403,27,74500,18,2001,2024-03-27,휘경동주공1
서울특별시,강남구,개포동,12,성원대치2단지아파트,39.53,202403,27,95000,9,1992,2024-03-27,성원대치2단지아파트
서울특별시,노원구,하계동,284,한신1,27.0,202403,26,28000,7,1988,2024-03-26,하계동한신1
서울특별시,노원구,하계동,284,한신1,44.52,202403,26,45000,3,1988,2024-03-26,하계동한신1
서울특별시,동작구,사당동,105,사당우성3,46.75,202403,25,70000,12,1993,2024-03-25,사당우성3
서울특별시,노원구,하계동,284,한신1,27.0,202403,25,30000,4,1988,2024-03-25,하계동한신1
서울특별시,동대문구,휘경동,57,주공2,59.13,202403,23,64500,19,2001,2024-03-23,휘경동주공2
서울특별시,동대문구,휘경동,57,주공1,84.86,202403,23,74500,10,2001,2024-03-23,휘경동주공1
서울특별시,강남구,개포동,12,성원대치2단지아파트,49.86,202403,23,136000,4,1992,2024-03-23,성원대치2단지아파트
서울특별시,강남구,개포동,12,삼익대청아파트,51.12,202403,23,129500,3,1992,2024-03-23,삼익대청아파트
서울특별시,강남구,개포동,12,성원대치2단지아파트,49.86,202403,23,136000,4,1992,2024-03-23,성원대치2단지아파트
서울특별시,강남구,개포동,185,개포주공6단지,83.21,202403,22,255000,1,1983,2024-03-22,개포주공6단지
서울특별시,강남구,개포동,185,개포주공6단지,53.06,202403,22,186000,10,1983,2024-03-22,개포주공6단지
서울특별시,동작구,사당동,105,신동아4,46.75,202403,22,75500,6,1993,2024-03-22,사당동신동아4
서울특별시,동작구,사당동,105,신동아4,46.75,202403,21,76200,12,1993,2024-03-21,사당동신동아4
서울특별시,동대문구,휘경동,57,주공2,59.13,202403,20,60600,2,2001,2024-03-20,휘경동주공2
서울특별시,동대문구,휘경동,57,주공2,39.98,202403,20,36000,11,2001,2024-03-20,휘경동주공2
서울특별시,강남구,개포동,12,성원대치2단지아파트,49.86,202403,19,132000,1,1992,2024-03-19,성원대치2단지아파트
서울특별시,동대문구,휘경동,57,주공2,39.98,202403,19,43000,3,2001,2024-03-19,휘경동주공2
서울특별시,동대문구,휘경동,57,주공1,114.96,202403,17,87000,4,2001,2024-03-17,휘경동주공1
서울특별시,동대문구,휘경동,57,주공2,59.97,202403,17,61000,8,2001,2024-03-17,휘경동주공2
서울특별시,동작구,사당동,105,극동(105),59.25,202403,16,92800,12,1993,2024-03-16,극동(105)
서울특별시,동작구,사당동,105,극동(105),46.75,202403,16,74000,10,1993,2024-03-16,극동(105)
서울특별시,동대문구,휘경동,57,주공1,114.73,202403,16,85000,1,2001,2024-03-16,휘경동주공1
서울특별시,동대문구,휘경동,57,주공1,84.8,202403,15,79000,21,2001,2024-03-15,휘경동주공1
서울특별시,강남구,개포동,12,성원대치2단지아파트,49.86,202403,14,133620,13,1992,2024-03-14,성원대치2단지아파트
서울특별시,동작구,사당동,105,극동(105),109.7,202403,14,108500,11,1993,2024-03-14,극동(105)
서울특별시,광진구,광장동,218-1,극동2,84.55,202403,14,145500,1,1989,2024-03-14,극동2
서울특별시,강남구,개포동,185,개포주공7단지,53.46,202403,13,177000,8,1983,2024-03-13,개포주공7단지
서울특별시,강남구,개포동,185,개포주공7단지,53.46,202403,13,177000,8,1983,2024-03-13,개포주공7단지
서울특별시,동대문구,휘경동,57,주공1,84.84,202403,12,74100,3,2001,2024-03-12,휘경동주공1
서울특별시,동작구,사당동,105,극동(105),51.57,202403,11,86000,7,1993,2024-03-11,극동(105)
서울특별시,동대문구,휘경동,57,주공2,39.98,202403,11,45000,8,2001,2024-03-11,휘경동주공2
서울특별시,강남구,개포동,12,삼익대청아파트,39.53,202403,10,115000,9,1992,2024-03-10,삼익대청아파트
서울특별시,강남구,개포동,12,삼익대청아파트,39.53,202403,10,115000,10,1992,2024-03-10,삼익대청아파트
서울특별시,노원구,하계동,284,한신1,27.0,202403,9,30400,12,1988,2024-03-09,하계동한신1
서울특별시,동작구,사당동,105,사당우성2,84.66,202403,9,120000,8,1993,2024-03-09,사당우성2
서울특별시,광진구,광장동,218-1,극동2,84.55,202403,9,160000,12,1989,2024-03-09,극동2
서울특별시,광진구,광장동,218-1,극동2,84.55,202403,9,160000,12,1989,2024-03-09,극동2
서울특별시,강남구,개포동,185,개포주공6단지,73.02,202403,6,226000,2,1983,2024-03-06,개포주공6단지
서울특별시,강남구,개포동,185,개포주공7단지,60.76,202403,6,200000,9,1983,2024-03-06,개포주공7단지
서울특별시,노원구,하계동,284,한신1,27.0,202403,6,25300,1,1988,2024-03-06,하계동한신1
서울특별시,강남구,개포동,12,성원대치2단지아파트,39.53,202403,5,115000,13,1992,2024-03-05,성원대치2단지아파트
서울특별시,동작구,사당동,105,사당우성2,59.89,202403,4,96730,11,1993,2024-03-04,사당우성2
서울특별시,강남구,개포동,185,개포주공6단지,73.02,202403,1,227000,4,1983,2024-03-01,개포주공6단지
서울특별시,강남구,개포동,12,삼익대청아파트,60.0,202403,1,160000,4,1992,2024-03-01,삼익대청아파트
서울특별시,강남구,개포동,185,개포주공6단지,53.06,202403,1,180000,10,1983,2024-03-01,개포주공6단지
서울특별시,동대문구,휘경동,57,주공2,39.98,202403,1,43000,3,2001,2024-03-01,휘경동주공2
서울특별시,광진구,광장동,218-1,극동2,75.55,202403,1,141500,12,1989,2024-03-01,극동2
서울특별시,강남구,개포동,12,성원대치2단지아파트,33.18,202402,29,99000,3,1992,2024-02-29,성원대치2단지아파트
서울특별시,강남구,개포동,12,성원대치2단지아파트,49.86,202402,27,131500,4,1992,2024-02-27,성원대치2단지아파트
서울특별시,동작구,사당동,105,사당우성3,108.08,202402,26,128000,9,1993,2024-02-26,사당우성3
서울특별시,광진구,광장동,218-1,극동2,84.55,202402,24,159000,11,1989,2024-02-24,극동2
서울특별시,강남구,개포동,12,성원대치2단지아파트,33.18,202402,24,96500,4,1992,2024-02-24,성원대치2단지아파트
서울특별시,강남구,개포동,12,성원대치2단지아파트,33.18,202402,24,96500,4,1992,2024-02-24,성원대치2단지아파트
서울특별시,강남구,개포동,185,개포주공6단지,53.06,202402,24,184000,9,1983,2024-02-24,개포주공6단지
서울특별시,강남구,개포동,185,개포주공7단지,60.76,202402,24,192000,11,1983,2024-02-24,개포주공7단지
서울특별시,강남구,개포동,12,성원대치2단지아파트,49.86,202402,24,134000,10,1992,2024-02-24,성원대치2단지아파트
서울특별시,강남구,개포동,185,개포주공7단지,83.7,202402,24,255000,6,1983,2024-02-24,개포주공7단지
서울특별시,강남구,개포동,185,개포주공7단지,83.7,202402,23,257000,11,1983,2024-02-23,개포주공7단지
서울특별시,동작구,사당동,105,극동(105),84.32,202402,23,98400,19,1993,2024-02-23,극동(105)
서울특별시,동대문구,휘경동,57,주공2,39.98,202402,22,42000,11,2001,2024-02-22,휘경동주공2
서울특별시,광진구,광장동,218-1,극동2,102.61,202402,22,182500,13,1989,2024-02-22,극동2
서울특별시,강남구,개포동,185,개포주공7단지,73.26,202402,22,227000,15,1983,2024-02-22,개포주공7단지
서울특별시,강남구,개포동,12,성원대치2단지아파트,49.86,202402,21,136600,5,1992,2024-02-21,성원대치2단지아파트
서울특별시,강남구,개포동,185,개포주공7단지,60.76,202402,21,194000,3,1983,2024-02-21,개포주공7단지
서울특별시,강남구,개포동,185,개포주공6단지,53.06,202402,21,179500,8,1983,2024-02-21,개포주공6단지
서울특별시,강남구,개포동,12,삼익대청아파트,39.53,202402,19,115000,6,1992,2024-02-19,삼익대청아파트
서울특별시,동작구,사당동,105,사당우성2,46.75,202402,19,75000,3,1993,2024-02-19,사당우성2
서울특별시,노원구,하계동,284,청구,70.69,202402,19,65000,11,1988,2024-02-19,하계동청구
서울특별시,광진구,광장동,218-1,극동1,126.94,202402,17,199000,4,1985,2024-02-17,극동1
서울특별시,광진구,광장동,218-1,극동2,75.55,202402,17,143000,13,1989,2024-02-17,극동2
서울특별시,강남구,개포동,12,성원대치2단지아파트,39.53,202402,17,103000,1,1992,2024-02-17,성원대치2단지아파트
서울특별시,강남구,개포동,185,개포주공7단지,60.76,202402,16,190000,2,1983,2024-02-16,개포주공7단지
서울특별시,동작구,사당동,105,사당우성2,118.25,202402,16,134000,8,1993,2024-02-16,사당우성2
서울특별시,동작구,사당동,105,극동(105),59.25,202402,14,89000,9,1993,2024-02-14,극동(105)
서울특별시,동대문구,휘경동,57,주공1,114.73,202402,13,83000,1,2001,2024-02-13,휘경동주공1
서울특별시,강남구,개포동,185,개포주공6단지,60.13,202402,7,185000,14,1983,2024-02-07,개포주공6단지
서울특별시,강남구,개포동,185,개포주공6단지,53.06,202402,7,180000,10,1983,2024-02-07,개포주공6단지
서울특별시,강남구,개포동,185,개포주공6단지,83.21,202402,7,256500,10,1983,2024-02-07,개포주공6단지
서울특별시,강남구,개포동,185,개포주공6단지,83.21,202402,7,256500,10,1983,2024-02-07,개포주공6단지
서울특별시,강남구,개포동,12,성원대치2단지아파트,49.86,202402,7,135000,4,1992,2024-02-07,성원대치2단지아파트
서울특별시,광진구,광장동,218-1,극동2,75.55,202402,7,140000,6,1989,2024-02-07,극동2
서울특별시,강남구,개포동,185,개포주공7단지,73.26,202402,6,219000,15,1983,2024-02-06,개포주공7단지
서울특별시,강남구,개포동,185,개포주공6단지,73.02,202402,6,225000,7,1983,2024-02-06,개포주공6단지
서울특별시,강남구,개포동,185,개포주공7단지,53.46,202402,5,176000,14,1983,2024-02-05,개포주공7단지
서울특별시,강남구,개포동,185,개포주공6단지,83.21,202402,3,250000,9,1983,2024-02-03,개포주공6단지
서울특별시,동작구,사당동,105,극동(105),59.25,202402,2,84000,1,1993,2024-02-02,극동(105)
서울특별시,강남구,개포동,12,성원대치2단지아파트,49.86,202402,2,137000,11,1992,2024-02-02,성원대치2단지아파트
서울특별시,강남구,개포동,12,성원대치2단지아파트,49.86,202402,2,135000,5,1992,2024-02-02,성원대치2단지아파트
서울특별시,광진구,광장동,218-1,극동2,156.91,202402,2,215000,14,1989,2024-02-02,극동2
서울특별시,강남구,개포동,185,개포주공6단지,83.21,202402,1,257000,12,1983,2024-02-01,개포주공6단지
서울특별시,동작구,사당동,105,극동(105),59.25,202402,1,92000,7,1993,2024-02-01,극동(105)
서울특별시,동대문구,휘경동,57,주공1,84.29,202401,31,74000,20,2001,2024-01-31,휘경동주공1
서울특별시,강남구,개포동,185,개포주공7단지,53.46,202401,31,175000,5,1983,2024-01-31,개포주공7단지
서울특별시,동작구,사당동,105,극동(105),46.75,202401,31,72000,3,1993,2024-01-31,극동(105)
서울특별시,동작구,사당동,105,신동아4,84.46,202401,31,110000,2,1993,2024-01-31,사당동신동아4
서울특별시,동작구,사당동,105,극동(105),46.75,202401,31,72000,3,1993,2024-01-31,극동(105)
서울특별시,강남구,개포동,185,개포주공7단지,53.46,202401,31,175000,5,1983,2024-01-31,개포주공7단지
서울특별시,광진구,광장동,218-1,극동1,156.92,202401,30,220000,8,1985,2024-01-30,극동1
서울특별시,동작구,사당동,105,신동아4,118.25,202401,30,124000,11,1993,2024-01-30,사당동신동아4
서울특별시,동작구,사당동,105,신동아4,118.25,202401,30,141000,9,1993,2024-01-30,사당동신동아4
서울특별시,강남구,개포동,12,성원대치2단지아파트,33.18,202401,30,97000,4,1992,2024-01-30,성원대치2단지아파트
서울특별시,강남구,개포동,12,성원대치2단지아파트,39.53,202401,27,114500,12,1992,2024-01-27,성원대치2단지아파트
서울특별시,동대문구,휘경동,57,주공2,39.97,202401,26,38300,18,2001,2024-01-26,휘경동주공2
서울특별시,노원구,하계동,284,한신2,44.52,202401,25,47500,11,1988,2024-01-25,하계동한신2
서울특별시,강남구,개포동,185,개포주공7단지,53.46,202401,24,190000,11,1983,2024-01-24,개포주공7단지
서울특별시,노원구,하계동,284,한신1,27.0,202401,21,30000,4,1988,2024-01-21,하계동한신1
서울특별시,동작구,사당동,105,극동(105),84.32,202401,21,96000,19,1993,2024-01-21,극동(105)
서울특별시,광진구,광장동,218-1,극동1,84.55,202401,20,168500,14,1985,2024-01-20,극동1
서울특별시,동대문구,휘경동,57,주공2,59.13,202401,20,64000,4,2001,2024-01-20,휘경동주공2
서울특별시,동작구,사당동,105,신동아4,59.89,202401,20,90000,10,1993,2024-01-20,사당동신동아4
서울특별시,동작구,사당동,105,사당우성3,59.89,202401,20,90000,12,1993,2024-01-20,사당우성3
서울특별시,동작구,사당동,105,극동(105),59.25,202401,20,80000,7,1993,2024-01-20,극동(105)
서울특별시,광진구,광장동,218-1,극동1,156.92,202401,19,201500,3,1985,2024-01-19,극동1
서울특별시,동작구,사당동,105,사당우성3,59.89,202401,18,89000,10,1993,2024-01-18,사당우성3
서울특별시,강남구,개포동,12,성원대치2단지아파트,39.53,202401,17,116000,8,1992,2024-01-17,성원대치2단지아파트
서울특별시,노원구,하계동,284,한신1,27.0,202401,15,30200,12,1988,2024-01-15,하계동한신1
서울특별시,동대문구,휘경동,57,주공1,84.8,202401,14,79900,8,2001,2024-01-14,휘경동주공1
서울특별시,동대문구,휘경동,57,주공2,39.98,202401,14,41000,3,2001,2024-01-14,휘경동주공2
서울특별시,노원구,하계동,284,한신1,27.0,202401,13,30000,12,1988,2024-01-13,하계동한신1
서울특별시,강남구,개포동,12,성원대치2단지아파트,39.53,202401,13,113000,11,1992,2024-01-13,성원대치2단지아파트
서울특별시,동작구,사당동,105,사당우성2,84.66,202401,13,120500,15,1993,2024-01-13,사당우성2
서울특별시,동대문구,휘경동,57,주공2,39.98,202401,13,45300,6,2001,2024-01-13,휘경동주공2
서울특별시,강남구,개포동,12,삼익대청아파트,51.12,202401,11,130000,12,1992,2024-01-11,삼익대청아파트
서울특별시,동작구,사당동,105,사당우성3,46.75,202401,9,68500,13,1993,2024-01-09,사당우성3
서울특별시,동작구,사당동,105,극동(105),119.91,202401,6,120000,13,1993,2024-01-06,극동(105)
서울특별시,동작구,사당동,105,사당우성3,84.66,202401,5,113000,5,1993,2024-01-05,사당우성3
서울특별시,동대문구,휘경동,57,주공2,39.98,202401,4,36000,5,2001,2024-01-04,휘경동주공2
서울특별시,노원구,하계동,284,한신1,35.28,202401,3,35000,2,1988,2024-01-03,하계동한신1
