period,deal_ym,percentile,percentile_label,threshold_price_manwon,count_above_threshold,total_count,ratio
전체,,1,상위 1%,219655.14728388362,4546,454571,1.0000637964146415
전체,,2,상위 2%,175458.9837560712,9092,454571,2.000127592829283
전체,,3,상위 3%,152619.8043342585,13638,454571,3.0001913892439247
전체,,4,상위 4%,136958.75853194486,18183,454571,4.0000351980218705
전체,,5,상위 5%,125331.00506202248,22729,454571,5.000098994436512
전체,,6,상위 6%,116729.57719570707,27275,454571,6.000162790851154
전체,,7,상위 7%,109272.84856571048,31824,454571,7.00088655017588
전체,,8,상위 8%,102989.65496146376,36366,454571,8.000070396043741
전체,,9,상위 9%,97475.4836094512,40912,454571,9.000134192458384
전체,,10,상위 10%,92477.06422018349,45460,454571,10.000637964146415
전체,,11,상위 11%,88467.87479406918,50007,454571,11.00092174819775
전체,,12,상위 12%,84825.78691332201,54549,454571,12.000105594065612
전체,,13,상위 13%,82037.81364284604,59096,454571,13.00038937811695
전체,,14,상위 14%,79121.25526715795,63640,454571,14.000013199258202
전체,,15,상위 15%,76530.31698934434,68186,454571,15.000076995672842
전체,,16,상위 16%,74016.24496261276,72732,454571,16.000140792087482
전체,,17,상위 17%,71588.42696496651,77277,454571,16.99998460086543
전체,,18,상위 18%,69478.90818858561,81825,454571,18.000488372553463
전체,,19,상위 19%,67571.53466739152,86369,454571,19.000112193694715
전체,,20,상위 20%,65728.21815771615,90915,454571,20.000175990109355
전체,,21,상위 21%,63860.56310131863,95461,454571,21.000239786524
전체,,22,상위 22%,62280.29206357255,100006,454571,22.000083595301945
전체,,23,상위 23%,60743.43504341278,104552,454571,23.000147391716585
전체,,24,상위 24%,59329.01706886404,109107,454571,24.002191076861482
전체,,25,상위 25%,58207.82039756456,113643,454571,25.00005499690917
전체,,26,상위 26%,56883.75927452597,118190,454571,26.000338780960508
전체,,27,상위 27%,55684.35523748994,122734,454571,26.999962602101764
전체,,28,상위 28%,54408.81471373797,127280,454571,28.000026398516404
전체,,29,상위 29%,53281.15959199132,131826,454571,29.000090194931044
전체,,30,상위 30%,52196.11848825331,136374,454571,30.00059396661908
전체,,31,상위 31%,51116.52767728231,140918,454571,31.000217787760327
전체,,32,상위 32%,50012.708818019695,145463,454571,32.00006159653827
전체,,33,상위 33%,49095.571030447085,150009,454571,33.00012539295292
전체,,34,상위 34%,48142.71728471814,154554,454571,33.99996920173086
전체,,35,상위 35%,47225.28581035642,159101,454571,35.0002529857822
전체,,36,상위 36%,46302.177777935496,163647,454571,36.00031678219684
전체,,37,상위 37%,45466.31209846328,168192,454571,37.00016059097479
전체,,38,상위 38%,44589.20601500558,172737,454571,38.00000439975273
전체,,39,상위 39%,43866.9609877297,177285,454571,39.00050817144077
전체,,40,상위 40%,43064.23099587507,181830,454571,40.00035198021871
전체,,41,상위 41%,42284.62249228697,186376,454571,41.00041577663335
전체,,42,상위 42%,41556.7771824081,190921,454571,42.0002595854113
전체,,43,상위 43%,40826.21948067506,195466,454571,43.000103394189246
전체,,44,상위 44%,40092.988346101265,200011,454571,43.99994720296719
전체,,45,상위 45%,39464.504728476546,204557,454571,45.000010999381836
전체,,46,상위 46%,38660.96364298276,209103,454571,46.00007479579647
전체,,47,상위 47%,38026.26533262131,213648,454571,46.999918604574425
전체,,48,상위 48%,37397.49779459001,218194,454571,47.99998240098907
전체,,49,상위 49%,36692.090672067076,222740,454571,49.000046197403705
전체,,50,상위 50%,36119.20042975487,227286,454571,50.00010999381834
전체,,51,상위 51%,35557.060616322386,231833,454571,51.00039377786968
전체,,52,상위 52%,34948.57630667522,236377,454571,52.00001759901094
전체,,53,상위 53%,34403.65352867487,240923,454571,53.00008139542558
전체,,54,상위 54%,33756.90517482931,245468,454571,53.99992520420353
전체,,55,상위 55%,33210.14586323521,250014,454571,54.999989000618164
전체,,56,상위 56%,32630.816621749924,254560,454571,56.00005279703281
전체,,57,상위 57%,32110.560304004866,259105,454571,56.999896605810754
전체,,58,상위 58%,31548.20281947499,263651,454571,57.99996040222539
전체,,59,상위 59%,30936.656337226235,268197,454571,59.000024198640034
전체,,60,상위 60%,30410.41999364438,272743,454571,60.00008799505467
전체,,61,상위 61%,29778.321068199715,277288,454571,60.99993180383263
전체,,62,상위 62%,29343.086076949316,281834,454571,61.999995600247274
전체,,63,상위 63%,28730.40634671694,286381,454571,63.00027938429861
전체,,64,상위 64%,28177.96610169492,290930,454571,64.00100314362332
전체,,65,상위 65%,27684.33269223073,295473,454571,65.0004069771279
전체,,66,상위 66%,27136.985064205765,300017,454571,66.00003079826914
전체,,67,상위 67%,26607.538802660754,304563,454571,67.00009459468377
전체,,68,상위 68%,26004.69601554867,309108,454571,67.99993840346173
전체,,69,상위 69%,25497.67047861076,313655,454571,69.00022218751306
전체,,70,상위 70%,24981.589531524394,318199,454571,69.99984600865432
전체,,71,상위 71%,24511.061275299973,322747,454571,71.00034978034235
전체,,72,상위 72%,23895.58232931727,327309,454571,72.00393337894411
전체,,73,상위 73%,23438.59649122807,331841,454571,73.00091734844501
전체,,74,상위 74%,22856.027437185465,336382,454571,73.99988120667619
전체,,75,상위 75%,22412.046475369818,340928,454571,74.99994500309083
전체,,76,상위 76%,21853.293903609287,345474,454571,76.00000879950547
전체,,77,상위 77%,21370.849344608498,350019,454571,76.99985260828342
전체,,78,상위 78%,20878.805838703567,354565,454571,77.99991640469806
전체,,79,상위 79%,20352.064183109367,359111,454571,78.99998020111269
전체,,80,상위 80%,19801.9801980198,363669,454571,80.00268384916768
전체,,81,상위 81%,19332.999309727074,368202,454571,80.99988780630528
전체,,82,상위 82%,18788.355216604006,372748,454571,81.99995160271992
전체,,83,상위 83%,18248.46275030606,377294,454571,83.00001539913457
전체,,84,상위 84%,17728.251234646068,381852,454571,84.00271904718954
전체,,85,상위 85%,17186.700767263428,386387,454571,85.00036297960054
전체,,86,상위 86%,16666.666666666668,390931,454571,85.9999868007418
전체,,87,상위 87%,16061.204425294523,395476,454571,86.99983060951975
전체,,88,상위 88%,15448.504983388704,400024,454571,88.00033438120778
전체,,89,상위 89%,14848.49009795184,404568,454571,88.99995820234903
전체,,90,상위 90%,14235.500878734623,409114,454571,90.00002199876367
전체,,91,상위 91%,13596.024428126804,413659,454571,90.99986580754161
전체,,92,상위 92%,12906.946740402573,418205,454571,91.99992960395626
전체,,93,상위 93%,12228.893339371241,422751,454571,92.9999934003709
전체,,94,상위 94%,11543.830700267954,427296,454571,93.99983720914885
전체,,95,상위 95%,10805.062280200611,431842,454571,94.99990100556349
전체,,96,상위 96%,9961.574436921024,436388,454571,95.99996480197814
전체,,97,상위 97%,9122.80701754386,440940,454571,97.00134852421294
전체,,98,상위 98%,8118.029365910521,445479,454571,97.99987240717071
전체,,99,상위 99%,6708.968808057373,450025,454571,98.99993620358536
전체,,100,상위 100%,1606.0776015907816,454571,454571,100.0
월별,202401.0,1,상위 1%,176132.15370265488,325,32449,1.0015716971247188
월별,202401.0,2,상위 2%,141414.14141414143,650,32449,2.0031433942494377
월별,202401.0,3,상위 3%,121617.81905108236,974,32449,3.0016333323060804
월별,202401.0,4,상위 4%,108637.53404830775,1298,32449,4.000123270362723
월별,202401.0,5,상위 5%,99454.3403256516,1623,32449,5.001694967487442
월별,202401.0,6,상위 6%,92060.00162625196,1948,32449,6.003266664612161
월별,202401.0,7,상위 7%,86518.40748059581,2272,32449,7.001756602668803
월별,202401.0,8,상위 8%,82444.78724305934,2596,32449,8.000246540725445
월별,202401.0,9,상위 9%,79046.68750823036,2921,32449,9.001818237850165
월별,202401.0,10,상위 10%,75645.55292096737,3245,32449,10.000308175906808
월별,202401.0,11,상위 11%,72262.42475144533,3570,32449,11.001879873031527
월별,202401.0,12,상위 12%,69373.81902919273,3894,32449,12.000369811088168
월별,202401.0,13,상위 13%,67104.7909650913,4219,32449,13.001941508212889
월별,202401.0,14,상위 14%,64937.38712226149,4543,32449,14.000431446269532
월별,202401.0,15,상위 15%,62889.16612210423,4868,32449,15.00200314339425
월별,202401.0,16,상위 16%,60994.74554068164,5192,32449,16.00049308145089
월별,202401.0,17,상위 17%,59322.03389830509,5520,32449,17.011310055779838
월별,202401.0,18,상위 18%,57902.01724969298,5841,32449,18.00055471663225
월별,202401.0,19,상위 19%,56596.42774432516,6166,32449,19.002126413756972
월별,202401.0,20,상위 20%,55255.168889846806,6490,32449,20.000616351813616
월별,202401.0,21,상위 21%,53878.10931026949,6815,32449,21.002188048938333
월별,202401.0,22,상위 22%,52699.09135915164,7139,32449,22.000677986994976
월별,202401.0,23,상위 23%,51475.004973988565,7464,32449,23.002249684119697
월별,202401.0,24,상위 24%,50429.273503899356,7788,32449,24.000739622176336
월별,202401.0,25,상위 25%,49430.2155778861,8113,32449,25.002311319301057
월별,202401.0,26,상위 26%,48541.81159012429,8437,32449,26.000801257357697
월별,202401.0,27,상위 27%,47572.72309519158,8761,32449,26.999291195414344
월별,202401.0,28,상위 28%,46629.18806873535,9086,32449,28.000862892539065
월별,202401.0,29,상위 29%,45672.609677866094,9410,32449,28.999352830595704
월별,202401.0,30,상위 30%,44839.7035569406,9735,32449,30.000924527720425
월별,202401.0,31,상위 31%,44107.735409837995,10059,32449,30.999414465777065
월별,202401.0,32,상위 32%,43403.81954723241,10384,32449,32.00098616290178
월별,202401.0,33,상위 33%,42520.44230456111,10708,32449,32.999476100958425
월별,202401.0,34,상위 34%,41989.86971849063,11033,32449,34.00104779808314
월별,202401.0,35,상위 35%,41176.761023577135,11357,32449,34.99953773613979
월별,202401.0,36,상위 36%,40492.71585929172,11683,32449,36.004191192332584
월별,202401.0,37,상위 37%,39622.89427585787,12006,32449,36.99959937132115
월별,202401.0,38,상위 38%,39091.01171896886,12331,32449,38.00117106844587
월별,202401.0,39,상위 39%,38415.49619717755,12655,32449,38.999661006502514
월별,202401.0,40,상위 40%,37712.47992164476,12980,32449,40.00123270362723
월별,202401.0,41,상위 41%,37106.18436406068,13305,32449,41.00280440075195
월별,202401.0,42,상위 42%,36476.37666959016,13629,32449,42.00129433880859
월별,202401.0,43,상위 43%,35884.29588771135,13953,32449,42.999784276865235
월별,202401.0,44,상위 44%,35348.50640113798,14280,32449,44.00751949212611
월별,202401.0,45,상위 45%,34819.77487640917,14602,32449,44.999845912046595
월별,202401.0,46,상위 46%,34409.20088979102,14927,32449,46.00141760917131
월별,202401.0,47,상위 47%,33826.51614331159,15251,32449,46.99990754722796
월별,202401.0,48,상위 48%,33383.627060057326,15576,32449,48.00147924435267
월별,202401.0,49,상위 49%,32793.091210221224,15901,32449,49.0030509414774
월별,202401.0,50,상위 50%,32319.62875020885,16225,32449,50.00154087953403
월별,202401.0,51,상위 51%,31854.76249238478,16549,32449,51.000030817590684
월별,202401.0,52,상위 52%,31427.65816798946,16873,32449,51.99852075564733
월별,202401.0,53,상위 53%,30863.818854718083,17198,32449,53.00009245277204
월별,202401.0,54,상위 54%,30438.998735970312,17522,32449,53.99858239082869
월별,202401.0,55,상위 55%,29932.417708353227,17847,32449,55.000154087953405
월별,202401.0,56,상위 56%,29488.465396188567,18173,32449,56.004807544146196
월별,202401.0,57,상위 57%,29029.159600926665,18496,32449,57.00021572313476
월별,202401.0,58,상위 58%,28570.0898705942,18820,32449,57.99870566119141
월별,202401.0,59,상위 59%,28036.22236602291,19145,32449,59.000277358316126
월별,202401.0,60,상위 60%,27676.403536139354,19469,32449,59.99876729637277
월별,202401.0,61,상위 61%,27181.45372251784,19794,32449,61.00033899349749
월별,202401.0,62,상위 62%,26689.398966767505,20118,32449,61.99882893155413
월별,202401.0,63,상위 63%,26200.527965521498,20443,32449,63.000400628678854
월별,202401.0,64,상위 64%,25714.464141208497,20767,32449,63.99889056673549
월별,202401.0,65,상위 65%,25232.772919319792,21092,32449,65.00046226386021
월별,202401.0,66,상위 66%,24761.23098691192,21419,32449,66.00819747912108
월별,202401.0,67,상위 67%,24365.85534208752,21741,32449,67.00052389904158
월별,202401.0,68,상위 68%,23818.84238886944,22065,32449,67.99901383709822
월별,202401.0,69,상위 69%,23371.46071842,22390,32449,69.00058553422294
월별,202401.0,70,상위 70%,22911.64658634538,22715,32449,70.00215723134765
월별,202401.0,71,상위 71%,22485.343209137704,23039,32449,71.0006471694043
월별,202401.0,72,상위 72%,22072.86036036036,23363,32449,71.99913710746094
월별,202401.0,73,상위 73%,21675.47965387306,23688,32449,73.00070880458566
월별,202401.0,74,상위 74%,21132.58887712029,24012,32449,73.9991987426423
월별,202401.0,75,상위 75%,20742.471010261117,24337,32449,75.00077043976702
월별,202401.0,76,상위 76%,20297.20269790999,24661,32449,75.99926037782366
월별,202401.0,77,상위 77%,19812.315798217947,24985,32449,76.99775031588031
월별,202401.0,78,상위 78%,19467.976066876083,25310,32449,77.99932201300503
월별,202401.0,79,상위 79%,18967.971254157514,25634,32449,78.99781195106166
월별,202401.0,80,상위 80%,18528.310953075717,25959,32449,79.99938364818638
월별,202401.0,81,상위 81%,18021.950105966105,26283,32449,80.99787358624303
월별,202401.0,82,상위 82%,17565.950770911833,26608,32449,81.99944528336775
월별,202401.0,83,상위 83%,17031.67305236272,26932,32449,82.99793522142438
월별,202401.0,84,상위 84%,16561.24899919936,27258,32449,84.00258867761718
월별,202401.0,85,상위 85%,16017.995325120242,27581,32449,84.99799685660575
월별,202401.0,86,상위 86%,15481.331893110415,27906,32449,85.99956855373047
월별,202401.0,87,상위 87%,14994.225994948018,28230,32449,86.9980584917871
월별,202401.0,88,상위 88%,14432.209650095825,28555,32449,87.99963018891182
월별,202401.0,89,상위 89%,13869.223379877358,28879,32449,88.99812012696847
월별,202401.0,90,상위 90%,13359.30733520463,29204,32449,89.99969182409319
월별,202401.0,91,상위 91%,12818.026385347572,29528,32449,90.99818176214983
월별,202401.0,92,상위 92%,12261.673684885001,29853,32449,91.99975345927456
월별,202401.0,93,상위 93%,11735.953994629743,30177,32449,92.9982433973312
월별,202401.0,94,상위 94%,11087.627765064835,30502,32449,93.99981509445593
월별,202401.0,95,상위 95%,10431.327203861378,30826,32449,94.99830503251255
월별,202401.0,96,상위 96%,9698.56724194074,31151,32449,95.99987672963728
월별,202401.0,97,상위 97%,8847.741278942178,31475,32449,96.99836666769393
월별,202401.0,98,상위 98%,7824.972474667366,31800,32449,97.99993836481863
월별,202401.0,99,상위 99%,6426.38510697416,32124,32449,98.99842830287528
월별,202401.0,100,상위 100%,2312.6843657817108,32449,32449,100.0
월별,202402.0,1,상위 1%,178609.88359348202,315,31468,1.0010169060633023
월별,202402.0,2,상위 2%,143203.56597897617,630,31468,2.0020338121266046
월별,202402.0,3,상위 3%,123220.29362727003,945,31468,3.0030507181899075
월별,202402.0,4,상위 4%,110765.90266181735,1259,31468,4.00088979280539
월별,202402.0,5,상위 5%,100977.59004890088,1574,31468,5.001906698868692
월별,202402.0,6,상위 6%,92930.87721476491,1889,31468,6.002923604931994
월별,202402.0,7,상위 7%,87728.76721366761,2203,31468,7.000762679547477
월별,202402.0,8,상위 8%,83763.13730322542,2518,31468,8.00177958561078
월별,202402.0,9,상위 9%,79796.2976995824,2833,31468,9.002796491674081
월별,202402.0,10,상위 10%,76467.03920091072,3147,31468,10.000635566289565
월별,202402.0,11,상위 11%,73192.277886918,3462,31468,11.001652472352866
월별,202402.0,12,상위 12%,70139.12998262768,3777,31468,12.002669378416169
월별,202402.0,13,상위 13%,67781.73428130911,4091,31468,13.000508453031651
월별,202402.0,14,상위 14%,65533.884370235864,4406,31468,14.001525359094954
월별,202402.0,15,상위 15%,63475.977107224324,4721,31468,15.002542265158256
월별,202402.0,16,상위 16%,61747.236378390546,5035,31468,16.00038133977374
월별,202402.0,17,상위 17%,59929.860291291225,5350,31468,17.00139824583704
월별,202402.0,18,상위 18%,58628.502531355836,5665,31468,18.002415151900344
월별,202402.0,19,상위 19%,57324.409315924,5979,31468,19.000254226515825
월별,202402.0,20,상위 20%,55902.35063618146,6294,31468,20.00127113257913
월별,202402.0,21,상위 21%,54451.295597901066,6609,31468,21.00228803864243
월별,202402.0,22,상위 22%,53208.86814469078,6925,31468,22.00648277615355
월별,202402.0,23,상위 23%,51965.36620745599,7238,31468,23.001144019321217
월별,202402.0,24,상위 24%,50685.251724302354,7553,31468,24.002160925384516
월별,202402.0,25,상위 25%,49568.05066145249,7867,31468,25.0
월별,202402.0,26,상위 26%,48804.982200770704,8182,31468,26.001016906063303
월별,202402.0,27,상위 27%,47745.716349949995,8497,31468,27.0020338121266
월별,202402.0,28,상위 28%,46720.47911811723,8811,31468,27.99987288674209
월별,202402.0,29,상위 29%,45771.80261111651,9126,31468,29.00088979280539
월별,202402.0,30,상위 30%,44841.104363618586,9441,31468,30.00190669886869
월별,202402.0,31,상위 31%,44161.48386997421,9755,31468,30.99974577348417
월별,202402.0,32,상위 32%,43323.4701521927,10070,31468,32.00076267954748
월별,202402.0,33,상위 33%,42496.9064440718,10385,31468,33.00177958561078
월별,202402.0,34,상위 34%,41780.97484539901,10699,31468,33.99961866022626
월별,202402.0,35,상위 35%,41047.265388769185,11014,31468,35.00063556628956
월별,202402.0,36,상위 36%,40382.86268590612,11329,31468,36.001652472352866
월별,202402.0,37,상위 37%,39622.83775827749,11643,31468,36.99949154696835
월별,202402.0,38,상위 38%,39040.65234364555,11958,31468,38.00050845303165
월별,202402.0,39,상위 39%,38338.14814972851,12273,31468,39.00152535909495
월별,202402.0,40,상위 40%,37640.30779330158,12587,31468,39.99936443371044
월별,202402.0,41,상위 41%,37091.55136885488,12903,31468,41.00355917122156
월별,202402.0,42,상위 42%,36550.73167126022,13217,31468,42.00139824583704
월별,202402.0,43,상위 43%,35886.83149124779,13532,31468,43.002415151900344
월별,202402.0,44,상위 44%,35379.36629056234,13846,31468,44.00025422651583
월별,202402.0,45,상위 45%,34765.49969262767,14161,31468,45.00127113257913
월별,202402.0,46,상위 46%,34237.77840998809,14475,31468,45.99911020719461
월별,202402.0,47,상위 47%,33654.32699246658,14790,31468,47.00012711325791
월별,202402.0,48,상위 48%,33140.97279472383,15106,31468,48.00432185076903
월별,202402.0,49,상위 49%,32635.81507540734,15419,31468,48.9989830939367
월별,202402.0,50,상위 50%,32181.340884461584,15734,31468,50.0
월별,202402.0,51,상위 51%,31659.559865753232,16049,31468,51.0010169060633
월별,202402.0,52,상위 52%,31236.300917564844,16363,31468,51.99885598067878
월별,202402.0,53,상위 53%,30759.77889585264,16678,31468,52.99987288674208
월별,202402.0,54,상위 54%,30323.22184132224,16993,31468,54.00088979280538
월별,202402.0,55,상위 55%,29822.23480097974,17307,31468,54.99872886742088
월별,202402.0,56,상위 56%,29424.838798796056,17622,31468,55.99974577348418
월별,202402.0,57,상위 57%,28862.269536398522,17937,31468,57.00076267954748
월별,202402.0,58,상위 58%,28454.077280825368,18251,31468,57.99860175416296
월별,202402.0,59,상위 59%,27957.326566549957,18566,31468,58.99961866022626
월별,202402.0,60,상위 60%,27427.694215037132,18881,31468,60.00063556628956
월별,202402.0,61,상위 61%,26892.615624459828,19195,31468,60.998474640905044
월별,202402.0,62,상위 62%,26494.817879388716,19510,31468,61.99949154696834
월별,202402.0,63,상위 63%,25996.705107084017,19828,31468,63.01004194737511
월별,202402.0,64,상위 64%,25595.668092084583,20139,31468,63.998347527647134
월별,202402.0,65,상위 65%,25200.281880128816,20454,31468,64.99936443371044
월별,202402.0,66,상위 66%,24711.626498549846,20769,31468,66.00038133977374
월별,202402.0,67,상위 67%,24216.82887420711,21083,31468,66.99822041438922
월별,202402.0,68,상위 68%,23731.22849134098,21398,31468,67.99923732045252
월별,202402.0,69,상위 69%,23239.04080524346,21713,31468,69.00025422651582
월별,202402.0,70,상위 70%,22765.07496057214,22027,31468,69.9980933011313
월별,202402.0,71,상위 71%,22406.285935169904,22342,31468,70.99911020719462
월별,202402.0,72,상위 72%,21897.467023406367,22657,31468,72.00012711325792
월별,202402.0,73,상위 73%,21515.038511075152,22971,31468,72.9979661878734
월별,202402.0,74,상위 74%,21074.225937788004,23286,31468,73.9989830939367
월별,202402.0,75,상위 75%,20723.45390898483,23603,31468,75.00635566289564
월별,202402.0,76,상위 76%,20265.642322004813,23916,31468,76.0010169060633
월별,202402.0,77,상위 77%,19774.515918641315,24230,31468,76.99885598067878
월별,202402.0,78,상위 78%,19381.370569341074,24545,31468,77.99987288674208
월별,202402.0,79,상위 79%,18832.30009683654,24859,31468,78.99771196135758
월별,202402.0,80,상위 80%,18337.375304675043,25174,31468,79.99872886742088
월별,202402.0,81,상위 81%,17846.98606468726,25489,31468,80.99974577348418
월별,202402.0,82,상위 82%,17395.8192641036,25803,31468,81.99758484809966
월별,202402.0,83,상위 83%,16871.96836817312,26118,31468,82.99860175416296
월별,202402.0,84,상위 84%,16470.588235294115,26434,31468,84.00279649167408
월별,202402.0,85,상위 85%,15942.694314104476,26747,31468,84.99745773484175
월별,202402.0,86,상위 86%,15417.21589107837,27063,31468,86.00165247235286
월별,202402.0,87,상위 87%,14889.442751612449,27377,31468,86.99949154696834
월별,202402.0,88,상위 88%,14341.23183224061,27691,31468,87.99733062158384
월별,202402.0,89,상위 89%,13818.972074323588,28026,31468,89.06190415660353
월별,202402.0,90,상위 90%,13313.313313313312,28322,31468,90.00254226515825
월별,202402.0,91,상위 91%,12710.589310027524,28635,31468,90.99720350832592
월별,202402.0,92,상위 92%,12127.204325076378,28950,31468,91.99822041438922
월별,202402.0,93,상위 93%,11501.17917548085,29265,31468,92.99923732045252
월별,202402.0,94,상위 94%,10903.918356575283,29579,31468,93.997076395068
월별,202402.0,95,상위 95%,10124.286037732218,29894,31468,94.9980933011313
월별,202402.0,96,상위 96%,9415.73650848028,30209,31468,95.99911020719462
월별,202402.0,97,상위 97%,8600.733233768304,30523,31468,96.9969492818101
월별,202402.0,98,상위 98%,7689.343607948618,30838,31468,97.9979661878734
월별,202402.0,99,상위 99%,6370.430275229358,31153,31468,98.9989830939367
월별,202402.0,100,상위 100%,2242.2422422422424,31468,31468,100.0
월별,202403.0,1,상위 1%,197896.75859109615,419,41826,1.001769234447473
월별,202403.0,2,상위 2%,157565.66221121355,837,41826,2.001147611533496
월별,202403.0,3,상위 3%,138416.44990054262,1256,41826,3.0029168459809688
월별,202403.0,4,상위 4%,124402.93529019346,1674,41826,4.002295223066992
월별,202403.0,5,상위 5%,113334.34103506466,2092,41826,5.001673600153015
월별,202403.0,6,상위 6%,104276.85729179048,2511,41826,6.003442834600488
월별,202403.0,7,상위 7%,97725.17761334014,2928,41826,7.000430354325061
월별,202403.0,8,상위 8%,91420.27933974244,3347,41826,8.002199588772534
월별,202403.0,9,상위 9%,86903.20194869966,3765,41826,9.001577965858557
월별,202403.0,10,상위 10%,83557.86658902417,4183,41826,10.00095634294458
월별,202403.0,11,상위 11%,79781.87839152904,4601,41826,11.000334720030603
월별,202403.0,12,상위 12%,76619.24686192468,5020,41826,12.002103954478075
월별,202403.0,13,상위 13%,73671.97957244822,5439,41826,13.00387318892555
월별,202403.0,14,상위 14%,70970.57369308354,5856,41826,14.000860708650123
월별,202403.0,15,상위 15%,68715.13164240289,6274,41826,15.000239085736144
월별,202403.0,16,상위 16%,66509.72198202078,6693,41826,16.002008320183617
월별,202403.0,17,상위 17%,64310.34809394408,7111,41826,17.00138669726964
월별,202403.0,18,상위 18%,62417.58449563167,7529,41826,18.000765074355666
월별,202403.0,19,상위 19%,60843.038406121705,7947,41826,19.000143451441687
월별,202403.0,20,상위 20%,59387.7406735324,8366,41826,20.00191268588916
월별,202403.0,21,상위 21%,58132.3784670448,8784,41826,21.001291062975184
월별,202403.0,22,상위 22%,56838.641803900275,9202,41826,22.000669440061206
월별,202403.0,23,상위 23%,55436.05798777415,9620,41826,23.00004781714723
월별,202403.0,24,상위 24%,54261.47319706903,10039,41826,24.001817051594703
월별,202403.0,25,상위 25%,53032.943190460035,10457,41826,25.001195428680724
월별,202403.0,26,상위 26%,51838.48353458532,10875,41826,26.00057380576675
월별,202403.0,27,상위 27%,50760.69609410033,11293,41826,26.99995218285277
월별,202403.0,28,상위 28%,49744.55228899216,11712,41826,28.001721417300246
월별,202403.0,29,상위 29%,48837.5972937286,12130,41826,29.001099794386263
월별,202403.0,30,상위 30%,47763.135383373505,12548,41826,30.000478171472288
월별,202403.0,31,상위 31%,46923.46173086544,12969,41826,31.007029120642667
월별,202403.0,32,상위 32%,45962.89870545843,13386,41826,32.00401664036723
월별,202403.0,33,상위 33%,45016.3717888074,13803,41826,33.00100416009181
월별,202403.0,34,상위 34%,44397.01881799898,14221,41826,34.00038253717783
월별,202403.0,35,상위 35%,43530.67003189483,14639,41826,34.99976091426385
월별,202403.0,36,상위 36%,42762.70047961913,15058,41826,36.00153014871133
월별,202403.0,37,상위 37%,42048.44227904156,15476,41826,37.00090852579735
월별,202403.0,38,상위 38%,41400.27121682507,15894,41826,38.000286902883374
월별,202403.0,39,상위 39%,40557.56865715407,16312,41826,38.9996652799694
월별,202403.0,40,상위 40%,39895.3352193447,16731,41826,40.00143451441687
월별,202403.0,41,상위 41%,39237.406332607,17149,41826,41.00081289150289
월별,202403.0,42,상위 42%,38509.88420361226,17569,41826,42.004972983311816
월별,202403.0,43,상위 43%,37771.476943125555,17985,41826,42.99956964567494
월별,202403.0,44,상위 44%,37155.20851149159,18403,41826,43.99894802276096
월별,202403.0,45,상위 45%,36516.537414419494,18822,41826,45.000717257208436
월별,202403.0,46,상위 46%,35870.68074486508,19240,41826,46.00009563429446
월별,202403.0,47,상위 47%,35314.61155801956,19658,41826,46.999474011380485
월별,202403.0,48,상위 48%,34680.74891982717,20077,41826,48.00124324582795
월별,202403.0,49,상위 49%,34300.81465079727,20495,41826,49.000621622913975
월별,202403.0,50,상위 50%,33659.39893930466,20914,41826,50.00239085736145
월별,202403.0,51,상위 51%,33117.597043459406,21331,41826,50.999378377086025
월별,202403.0,52,상위 52%,32566.371681415927,21750,41826,52.0011476115335
월별,202403.0,53,상위 53%,32074.827208253853,22168,41826,53.000525988619515
월별,202403.0,54,상위 54%,31610.11721159778,22587,41826,54.00229522306699
월별,202403.0,55,상위 55%,31074.766355140186,23005,41826,55.00167360015301
월별,202403.0,56,상위 56%,30570.95158597663,23423,41826,56.00105197723904
월별,202403.0,57,상위 57%,29995.21110645797,23841,41826,57.00043035432506
월별,202403.0,58,상위 58%,29513.443037474568,24260,41826,58.00219958877253
월별,202403.0,59,상위 59%,29020.265741324652,24677,41826,58.99918710849711
월별,202403.0,60,상위 60%,28533.60941196032,25096,41826,60.000956342944576
월별,202403.0,61,상위 61%,28002.27518522344,25514,41826,61.0003347200306
월별,202403.0,62,상위 62%,27502.261420171868,25932,41826,61.999713097116626
월별,202403.0,63,상위 63%,26978.98224050997,26350,41826,62.99909147420265
월별,202403.0,64,상위 64%,26532.887402452623,26769,41826,64.00086070865012
월별,202403.0,65,상위 65%,26000.414867598618,27187,41826,65.00023908573614
월별,202403.0,66,상위 66%,25561.225278587255,27605,41826,65.99961746282217
월별,202403.0,67,상위 67%,25093.231463427965,28023,41826,66.99899583990819
월별,202403.0,68,상위 68%,24674.40543601359,28442,41826,68.00076507435566
월별,202403.0,69,상위 69%,24153.279447871926,28860,41826,69.00014345144169
월별,202403.0,70,상위 70%,23666.102771309,29278,41826,69.9995218285277
월별,202403.0,71,상위 71%,23216.32069062007,29696,41826,70.99890020561374
월별,202403.0,72,상위 72%,22732.08612777974,30119,41826,72.010232869507
월별,202403.0,73,상위 73%,22266.73985568324,30533,41826,73.00004781714723
월별,202403.0,74,상위 74%,21762.529387217706,30951,41826,73.99942619423325
월별,202403.0,75,상위 75%,21261.37898816476,31369,41826,74.99880457131928
월별,202403.0,76,상위 76%,20848.845867460903,31788,41826,76.00057380576675
월별,202403.0,77,상위 77%,20368.3431684212,32206,41826,76.99995218285277
월별,202403.0,78,상위 78%,19886.972200943997,32624,41826,77.9993305599388
월별,202403.0,79,상위 79%,19475.87019552991,33042,41826,78.99870893702482
월별,202403.0,80,상위 80%,18951.48669796557,33461,41826,80.0004781714723
월별,202403.0,81,상위 81%,18498.48738831588,33879,41826,80.99985654855831
월별,202403.0,82,상위 82%,18019.453529063314,34297,41826,81.99923492564434
월별,202403.0,83,상위 83%,17538.42621660021,34715,41826,82.99861330273036
월별,202403.0,84,상위 84%,17014.25356339085,35133,41826,83.99799167981638
월별,202403.0,85,상위 85%,16607.608761511226,35552,41826,84.99976091426386
월별,202403.0,86,상위 86%,16068.348178914292,35970,41826,85.99913929134988
월별,202403.0,87,상위 87%,15484.928470222587,36388,41826,86.99851766843591
월별,202403.0,88,상위 88%,14929.098128190584,36807,41826,88.00028690288337
월별,202403.0,89,상위 89%,14391.240585711284,37225,41826,88.99966527996939
월별,202403.0,90,상위 90%,13781.353539511329,37643,41826,89.99904365705542
월별,202403.0,91,상위 91%,13109.243697478993,38062,41826,91.00081289150289
월별,202403.0,92,상위 92%,12492.30769230769,38480,41826,92.00019126858892
월별,202403.0,93,상위 93%,11872.302095247413,38898,41826,92.99956964567494
월별,202403.0,94,상위 94%,11244.979919678715,39317,41826,94.0013388801224
월별,202403.0,95,상위 95%,10588.235294117649,39737,41826,95.00549897193133
월별,202403.0,96,상위 96%,9873.060648801129,40152,41826,95.997704776933
월별,202403.0,97,상위 97%,9103.698417337042,40571,41826,96.99947401138049
월별,202403.0,98,상위 98%,8116.502212725774,40989,41826,97.9988523884665
월별,202403.0,99,상위 99%,6718.759689922482,41407,41826,98.99823076555253
월별,202403.0,100,상위 100%,2101.0505252626317,41826,41826,100.0
월별,202404.0,1,상위 1%,207271.7578507708,393,39266,1.0008658890643305
월별,202404.0,2,상위 2%,166661.5983650388,786,39266,2.001731778128661
월별,202404.0,3,상위 3%,145693.0277022865,1178,39266,3.0000509346508433
월별,202404.0,4,상위 4%,131966.79060499708,1571,39266,4.0009168237151735
월별,202404.0,5,상위 5%,121124.79726107809,1964,39266,5.001782712779504
월별,202404.0,6,상위 6%,112725.79446546073,2356,39266,6.0001018693016865
월별,202404.0,7,상위 7%,104837.55124724188,2750,39266,7.003514490908165
월별,202404.0,8,상위 8%,98375.32515267559,3142,39266,8.001833647430347
월별,202404.0,9,상위 9%,92707.4591492435,3534,39266,9.000152803952528
월별,202404.0,10,상위 10%,88368.79432624114,3928,39266,10.003565425559009
월별,202404.0,11,상위 11%,84510.83406637562,4320,39266,11.001884582081189
월별,202404.0,12,상위 12%,81284.11915243459,4712,39266,12.000203738603373
월별,202404.0,13,상위 13%,78347.76537564336,5105,39266,13.001069627667702
월별,202404.0,14,상위 14%,75295.79607143794,5498,39266,14.001935516732033
월별,202404.0,15,상위 15%,72678.65930449561,5890,39266,15.000254673254215
월별,202404.0,16,상위 16%,70261.82890746405,6293,39266,16.02658788774003
월별,202404.0,17,상위 17%,68337.63960336884,6676,39266,17.001986451382876
월별,202404.0,18,상위 18%,66220.88766954115,7068,39266,18.000305607905055
월별,202404.0,19,상위 19%,64265.22433457755,7461,39266,19.001171496969388
월별,202404.0,20,상위 20%,62351.95996663886,7854,39266,20.00203738603372
월별,202404.0,21,상위 21%,60773.03634387645,8246,39266,21.000356542555902
월별,202404.0,22,상위 22%,59301.987369893846,8639,39266,22.00122243162023
월별,202404.0,23,상위 23%,58101.21107866664,9031,39266,22.999541588142414
월별,202404.0,24,상위 24%,56721.74170338138,9424,39266,24.000407477206746
월별,202404.0,25,상위 25%,55379.02974928098,9817,39266,25.001273366271075
월별,202404.0,26,상위 26%,54204.66022040174,10209,39266,25.999592522793257
월별,202404.0,27,상위 27%,53001.37903207206,10602,39266,27.000458411857586
월별,202404.0,28,상위 28%,51817.27242414138,10996,39266,28.003871033464065
월별,202404.0,29,상위 29%,50533.22765330503,11387,39266,28.9996434574441
월별,202404.0,30,상위 30%,49487.17058780242,11780,39266,30.00050934650843
월별,202404.0,31,상위 31%,48516.516231756585,12173,39266,31.00137523557276
월별,202404.0,32,상위 32%,47593.26785997149,12565,39266,31.99969439209494
월별,202404.0,33,상위 33%,46599.766676801715,12958,39266,33.000560281159274
월별,202404.0,34,상위 34%,45776.41051134062,13351,39266,34.0014261702236
월별,202404.0,35,상위 35%,44933.88346844788,13743,39266,34.99974532674578
월별,202404.0,36,상위 36%,44258.377056776815,14136,39266,36.00061121581011
월별,202404.0,37,상위 37%,43487.80938234085,14529,39266,37.001477104874446
월별,202404.0,38,상위 38%,42684.84663350362,14921,39266,37.99979626139663
월별,202404.0,39,상위 39%,42015.399467966134,15314,39266,39.000662150460954
월별,202404.0,40,상위 40%,41340.72937566388,15707,39266,40.00152803952529
월별,202404.0,41,상위 41%,40526.72266078745,16099,39266,40.999847196047476
월별,202404.0,42,상위 42%,39743.2581257231,16492,39266,42.000713085111805
월별,202404.0,43,상위 43%,39114.02144025181,16884,39266,42.999032241633984
월별,202404.0,44,상위 44%,38458.414985082,17279,39266,44.00499159578261
월별,202404.0,45,상위 45%,37691.178194267886,17670,39266,45.00076401976265
월별,202404.0,46,상위 46%,37131.77242480582,18062,39266,45.99908317628483
월별,202404.0,47,상위 47%,36568.14759036144,18456,39266,47.0024957978913
월별,202404.0,48,상위 48%,35930.318632591385,18848,39266,48.00081495441349
월별,202404.0,49,상위 49%,35313.471775939535,19240,39266,48.99913411093567
월별,202404.0,50,상위 50%,34741.429624359385,19633,39266,50.0
월별,202404.0,51,상위 51%,34299.97528830313,20026,39266,51.00086588906433
월별,202404.0,52,상위 52%,33649.87307339753,20418,39266,51.999185045586515
월별,202404.0,53,상위 53%,33094.88993759422,20811,39266,53.000050934650844
월별,202404.0,54,상위 54%,32530.644085875272,21204,39266,54.00091682371517
월별,202404.0,55,상위 55%,31979.144222274208,21596,39266,54.99923598023736
월별,202404.0,56,상위 56%,31457.71025850817,21989,39266,56.00010186930169
월별,202404.0,57,상위 57%,30843.19476979481,22382,39266,57.000967758366016
월별,202404.0,58,상위 58%,30366.22387024794,22774,39266,57.9992869148882
월별,202404.0,59,상위 59%,29735.50624838981,23167,39266,59.00015280395253
월별,202404.0,60,상위 60%,29292.52383341696,23561,39266,60.003565425559
월별,202404.0,61,상위 61%,28724.38241043081,23952,39266,60.99933784953904
월별,202404.0,62,상위 62%,28192.88356378028,24345,39266,62.000203738603375
월별,202404.0,63,상위 63%,27693.430429204203,24737,39266,62.998522895125554
월별,202404.0,64,상위 64%,27177.404214928734,25130,39266,63.99938878418988
월별,202404.0,65,상위 65%,26674.69204009431,25523,39266,65.0002546732542
월별,202404.0,66,상위 66%,26140.12306944917,25915,39266,65.99857382977639
월별,202404.0,67,상위 67%,25624.92361299547,26308,39266,66.99943971884072
월별,202404.0,68,상위 68%,25141.177370337944,26701,39266,68.00030560790505
월별,202404.0,69,상위 69%,24708.789269325804,27096,39266,69.00626496205369
월별,202404.0,70,상위 70%,24201.68067226891,27487,39266,70.00203738603372
월별,202404.0,71,상위 71%,23693.748463837415,27879,39266,71.00035654255589
월별,202404.0,72,상위 72%,23165.605088776378,28271,39266,71.99867569907809
월별,202404.0,73,상위 73%,22666.808810819137,28664,39266,72.99954158814242
월별,202404.0,74,상위 74%,22149.345348346284,29057,39266,74.00040747720674
월별,202404.0,75,상위 75%,21710.855427713857,29450,39266,75.00127336627106
월별,202404.0,76,상위 76%,21164.021164021164,29843,39266,76.0021392553354
월별,202404.0,77,상위 77%,20710.70138725268,30235,39266,77.00045841185758
월별,202404.0,78,상위 78%,20145.087650360252,30627,39266,77.99877756837978
월별,202404.0,79,상위 79%,19678.590263294536,31020,39266,78.99964345744411
월별,202404.0,80,상위 80%,19200.626959247646,31413,39266,80.00050934650844
월별,202404.0,81,상위 81%,18711.84998417401,31805,39266,80.99882850303061
월별,202404.0,82,상위 82%,18203.03383897316,32200,39266,82.00478785717924
월별,202404.0,83,상위 83%,17668.049350613717,32590,39266,82.99801354861712
월별,202404.0,84,상위 84%,17242.354087973687,32983,39266,83.99887943768145
월별,202404.0,85,상위 85%,16709.857680385794,33376,39266,84.9997453267458
월별,202404.0,86,상위 86%,16143.048128342243,33769,39266,86.00061121581012
월별,202404.0,87,상위 87%,15591.880947075242,34161,39266,86.9989303723323
월별,202404.0,88,상위 88%,14981.936803892082,34554,39266,87.99979626139663
월별,202404.0,89,상위 89%,14384.131280494928,34946,39266,88.99811541791881
월별,202404.0,90,상위 90%,13817.042201569458,35339,39266,89.99898130698314
월별,202404.0,91,상위 91%,13072.96403855186,35732,39266,90.99984719604747
월별,202404.0,92,상위 92%,12417.784011220194,36124,39266,91.99816635256965
월별,202404.0,93,상위 93%,11763.192293431737,36517,39266,92.99903224163398
월별,202404.0,94,상위 94%,11080.52647929193,36910,39266,93.99989813069831
월별,202404.0,95,상위 95%,10383.127295057111,37302,39266,94.9982172872205
월별,202404.0,96,상위 96%,9520.0,37696,39266,96.00162990882698
월별,202404.0,97,상위 97%,8799.790575916235,38088,39266,96.99994906534916
월별,202404.0,98,상위 98%,7937.412550279769,38480,39266,97.99826822187134
월별,202404.0,99,상위 99%,6490.49715678125,38873,39266,98.99913411093567
월별,202404.0,100,상위 100%,2025.7234726688105,39266,39266,100.0
월별,202405.0,1,상위 1%,223179.19258760204,408,40750,1.0012269938650307
월별,202405.0,2,상위 2%,179966.24875369697,815,40750,2.0
월별,202405.0,3,상위 3%,159975.06163380417,1223,40750,3.0012269938650307
월별,202405.0,4,상위 4%,143726.46962565632,1630,40750,4.0
월별,202405.0,5,상위 5%,132443.61522924041,2038,40750,5.001226993865031
월별,202405.0,6,상위 6%,122098.53129297313,2445,40750,6.0
월별,202405.0,7,상위 7%,114437.43110399158,2853,40750,7.001226993865031
월별,202405.0,8,상위 8%,107832.02512657995,3260,40750,8.0
월별,202405.0,9,상위 9%,101594.12251693387,3668,40750,9.00122699386503
월별,202405.0,10,상위 10%,96173.77755475197,4075,40750,10.0
월별,202405.0,11,상위 11%,91707.39328967719,4483,40750,11.00122699386503
월별,202405.0,12,상위 12%,87715.86179173748,4890,40750,12.0
월별,202405.0,13,상위 13%,84074.3539795236,5298,40750,13.00122699386503
월별,202405.0,14,상위 14%,81331.91640099186,5706,40750,14.002453987730062
월별,202405.0,15,상위 15%,78244.24586647192,6113,40750,15.00122699386503
월별,202405.0,16,상위 16%,75218.68672568278,6520,40750,16.0
월별,202405.0,17,상위 17%,72738.90787058578,6928,40750,17.001226993865032
월별,202405.0,18,상위 18%,70589.13260219342,7335,40750,18.0
월별,202405.0,19,상위 19%,68713.80293139178,7743,40750,19.001226993865032
월별,202405.0,20,상위 20%,66779.32400187996,8150,40750,20.0
월별,202405.0,21,상위 21%,64752.59014546181,8558,40750,21.00122699386503
월별,202405.0,22,상위 22%,63023.33092729704,8965,40750,22.0
월별,202405.0,23,상위 23%,61283.9568384978,9373,40750,23.001226993865032
월별,202405.0,24,상위 24%,59753.55786641168,9780,40750,24.0
월별,202405.0,25,상위 25%,58640.67714293803,10188,40750,25.001226993865032
월별,202405.0,26,상위 26%,57299.28510318753,10595,40750,26.0
월별,202405.0,27,상위 27%,56046.57285794175,11003,40750,27.00122699386503
월별,202405.0,28,상위 28%,54690.84201012578,11410,40750,28.000000000000004
월별,202405.0,29,상위 29%,53516.72476048975,11818,40750,29.001226993865032
월별,202405.0,30,상위 30%,52385.059180931734,12225,40750,30.0
월별,202405.0,31,상위 31%,51384.116077980594,12633,40750,31.001226993865032
월별,202405.0,32,상위 32%,50305.27718769309,13040,40750,32.0
월별,202405.0,33,상위 33%,49245.50232516444,13448,40750,33.00122699386503
월별,202405.0,34,상위 34%,48262.63018336916,13855,40750,34.0
월별,202405.0,35,상위 35%,47283.91518870334,14263,40750,35.00122699386503
월별,202405.0,36,상위 36%,46274.10976675994,14670,40750,36.0
월별,202405.0,37,상위 37%,45461.57048353255,15078,40750,37.00122699386503
월별,202405.0,38,상위 38%,44575.70825286266,15485,40750,38.0
월별,202405.0,39,상위 39%,43863.493603404786,15893,40750,39.00122699386503
월별,202405.0,40,상위 40%,42994.429022203076,16300,40750,40.0
월별,202405.0,41,상위 41%,42148.648368463175,16708,40750,41.00122699386503
월별,202405.0,42,상위 42%,41449.506202125405,17115,40750,42.0
월별,202405.0,43,상위 43%,40619.88349248903,17523,40750,43.00122699386503
월별,202405.0,44,상위 44%,39940.90812677023,17930,40750,44.0
월별,202405.0,45,상위 45%,39256.95191140502,18338,40750,45.00122699386503
월별,202405.0,46,상위 46%,38541.87747933775,18745,40750,46.0
월별,202405.0,47,상위 47%,37806.30105017503,19154,40750,47.00368098159509
월별,202405.0,48,상위 48%,37160.80342598783,19560,40750,48.0
월별,202405.0,49,상위 49%,36548.17697514488,19968,40750,49.00122699386503
월별,202405.0,50,상위 50%,35863.0725538327,20375,40750,50.0
월별,202405.0,51,상위 51%,35240.84190559202,20782,40750,50.99877300613497
월별,202405.0,52,상위 52%,34637.63453524091,21190,40750,52.0
월별,202405.0,53,상위 53%,34146.436653698875,21597,40750,52.99877300613497
월별,202405.0,54,상위 54%,33608.27080108857,22005,40750,54.0
월별,202405.0,55,상위 55%,32973.73705502241,22412,40750,54.99877300613497
월별,202405.0,56,상위 56%,32417.562304442457,22820,40750,56.00000000000001
월별,202405.0,57,상위 57%,31825.73766236476,23227,40750,56.998773006134975
월별,202405.0,58,상위 58%,31274.79513467831,23635,40750,57.99999999999999
월별,202405.0,59,상위 59%,30657.728361224334,24044,40750,59.003680981595096
월별,202405.0,60,상위 60%,30107.526881720427,24451,40750,60.002453987730064
월별,202405.0,61,상위 61%,29602.248309584782,24857,40750,60.99877300613497
월별,202405.0,62,상위 62%,28955.729398052885,25265,40750,62.0
월별,202405.0,63,상위 63%,28463.889343040704,25672,40750,62.99877300613497
월별,202405.0,64,상위 64%,27946.193534550475,26080,40750,64.0
월별,202405.0,65,상위 65%,27380.547277911824,26487,40750,64.99877300613497
월별,202405.0,66,상위 66%,26747.109100050275,26896,40750,66.00245398773006
월별,202405.0,67,상위 67%,26203.67034992837,27302,40750,66.99877300613497
월별,202405.0,68,상위 68%,25664.085310415685,27711,40750,68.00245398773006
월별,202405.0,69,상위 69%,25152.66889335603,28117,40750,68.99877300613497
월별,202405.0,70,상위 70%,24644.80650932928,28525,40750,70.0
월별,202405.0,71,상위 71%,24001.588990020842,28932,40750,70.99877300613497
월별,202405.0,72,상위 72%,23575.95291172917,29340,40750,72.0
월별,202405.0,73,상위 73%,23034.211529614175,29747,40750,72.99877300613497
월별,202405.0,74,상위 74%,22534.03190842536,30155,40750,74.0
월별,202405.0,75,상위 75%,22078.999598030347,30562,40750,74.99877300613497
월별,202405.0,76,상위 76%,21553.672316384185,30972,40750,76.00490797546013
월별,202405.0,77,상위 77%,21035.898125258533,31377,40750,76.99877300613497
월별,202405.0,78,상위 78%,20516.5588248381,31785,40750,78.0
월별,202405.0,79,상위 79%,19975.932952508025,32192,40750,78.99877300613497
월별,202405.0,80,상위 80%,19536.186480764907,32600,40750,80.0
월별,202405.0,81,상위 81%,18903.150525087516,33008,40750,81.00122699386503
월별,202405.0,82,상위 82%,18367.92980333572,33415,40750,82.0
월별,202405.0,83,상위 83%,17917.492274425014,33822,40750,82.99877300613497
월별,202405.0,84,상위 84%,17391.304347826088,34231,40750,84.00245398773006
월별,202405.0,85,상위 85%,16830.536515022817,34637,40750,84.99877300613497
월별,202405.0,86,상위 86%,16283.185840707964,35046,40750,86.00245398773006
월별,202405.0,87,상위 87%,15726.115322724296,35452,40750,86.99877300613497
월별,202405.0,88,상위 88%,15188.307765041158,35860,40750,88.0
월별,202405.0,89,상위 89%,14629.324546952224,36268,40750,89.00122699386503
월별,202405.0,90,상위 90%,14007.003501750874,36678,40750,90.00736196319018
월별,202405.0,91,상위 91%,13379.274142607946,37082,40750,90.99877300613497
월별,202405.0,92,상위 92%,12718.191747761899,37490,40750,92.0
월별,202405.0,93,상위 93%,12018.637230667415,37897,40750,92.99877300613497
월별,202405.0,94,상위 94%,11365.81961049127,38305,40750,94.0
월별,202405.0,95,상위 95%,10648.874061718096,38713,40750,95.00122699386503
월별,202405.0,96,상위 96%,9892.796633137737,39120,40750,96.0
월별,202405.0,97,상위 97%,9108.30110140015,39527,40750,96.99877300613497
월별,202405.0,98,상위 98%,8008.028098344204,39936,40750,98.00245398773006
월별,202405.0,99,상위 99%,6565.280242233677,40342,40750,98.99877300613497
월별,202405.0,100,상위 100%,1909.778139860935,40750,40750,100.0
월별,202406.0,1,상위 1%,254102.49273734124,451,45036,1.0014210853539391
월별,202406.0,2,상위 2%,207444.15520629063,901,45036,2.000621724842348
월별,202406.0,3,상위 3%,182014.73925621918,1352,45036,3.0020428101962873
월별,202406.0,4,상위 4%,167403.48638222582,1802,45036,4.001243449684696
월별,202406.0,5,상위 5%,154093.6104521258,2252,45036,5.000444089173106
월별,202406.0,6,상위 6%,144306.656870696,2703,45036,6.001865174527045
월별,202406.0,7,상위 7%,136146.35791908644,3153,45036,7.001065814015455
월별,202406.0,8,상위 8%,128545.73732221412,3603,45036,8.000266453503864
월별,202406.0,9,상위 9%,122306.19966871497,4054,45036,9.001687538857803
월별,202406.0,10,상위 10%,117139.35126857524,4504,45036,10.000888178346212
월별,202406.0,11,상위 11%,112406.78161435574,4954,45036,11.000088817834621
월별,202406.0,12,상위 12%,107799.96862437861,5405,45036,12.00150990318856
월별,202406.0,13,상위 13%,103468.62201328423,5855,45036,13.000710542676968
월별,202406.0,14,상위 14%,99008.63429389955,6305,45036,13.999911182165379
월별,202406.0,15,상위 15%,95090.64879433216,6756,45036,15.001332267519318
월별,202406.0,16,상위 16%,91685.32908569872,7206,45036,16.000532907007727
월별,202406.0,17,상위 17%,88473.25540205455,7657,45036,17.001953992361667
월별,202406.0,18,상위 18%,85228.18994969838,8107,45036,18.001154631850074
월별,202406.0,19,상위 19%,82748.87092719441,8557,45036,19.000355271338485
월별,202406.0,20,상위 20%,80239.8116971533,9008,45036,20.001776356692424
월별,202406.0,21,상위 21%,77777.77777777777,9459,45036,21.00319744204636
월별,202406.0,22,상위 22%,75710.43050622469,9908,45036,22.000177635669242
월별,202406.0,23,상위 23%,73656.68795624997,10359,45036,23.001598721023182
월별,202406.0,24,상위 24%,71659.53641574242,10809,45036,24.00079936051159
월별,202406.0,25,상위 25%,69772.39314886846,11259,45036,25.0
월별,202406.0,26,상위 26%,67916.4973189442,11710,45036,26.001421085353936
월별,202406.0,27,상위 27%,66020.13092258583,12160,45036,27.00062172484235
월별,202406.0,28,상위 28%,64265.536723163845,12612,45036,28.00426325606182
월별,202406.0,29,상위 29%,62859.66946103928,13061,45036,29.0012434496847
월별,202406.0,30,상위 30%,61342.03367124665,13511,45036,30.000444089173108
월별,202406.0,31,상위 31%,60060.38950986671,13961,45036,30.99964472866151
월별,202406.0,32,상위 32%,59015.028073534384,14412,45036,32.001065814015455
월별,202406.0,33,상위 33%,57776.162901619966,14862,45036,33.00026645350386
월별,202406.0,34,상위 34%,56421.52604090793,15312,45036,33.999467092992276
월별,202406.0,35,상위 35%,55356.925371590456,15764,45036,35.00310862421174
월별,202406.0,36,상위 36%,54278.631086414505,16213,45036,36.000088817834616
월별,202406.0,37,상위 37%,53164.64215071419,16663,45036,36.99928945732303
월별,202406.0,38,상위 38%,52171.808832425886,17115,45036,38.0029309885425
월별,202406.0,39,상위 39%,51141.59298888763,17564,45036,38.999911182165384
월별,202406.0,40,상위 40%,50010.02004008016,18015,45036,40.00133226751932
월별,202406.0,41,상위 41%,49024.51225612806,18467,45036,41.00497379873879
월별,202406.0,42,상위 42%,48058.32114377389,18916,45036,42.00195399236167
월별,202406.0,43,상위 43%,47094.757274706266,19366,45036,43.00115463185008
월별,202406.0,44,상위 44%,46223.11155577789,19818,45036,44.00479616306954
월별,202406.0,45,상위 45%,45336.09738921053,20266,45036,44.99955591082689
월별,202406.0,46,상위 46%,44491.378799239996,20717,45036,46.00097699618083
월별,202406.0,47,상위 47%,43642.071308005055,21167,45036,47.000177635669246
월별,202406.0,48,상위 48%,42829.78739682947,21617,45036,47.99937827515765
월별,202406.0,49,상위 49%,42057.32046811417,22068,45036,49.00079936051159
월별,202406.0,50,상위 50%,41425.20273353507,22518,45036,50.0
월별,202406.0,51,상위 51%,40600.39304869674,22968,45036,50.99920063948841
월별,202406.0,52,상위 52%,39857.04609821291,23419,45036,52.00062172484235
월별,202406.0,53,상위 53%,39148.65081132271,23869,45036,52.99982236433076
월별,202406.0,54,상위 54%,38406.62884784616,24319,45036,53.99902300381917
월별,202406.0,55,상위 55%,37610.61721183066,24770,45036,55.00044408917311
월별,202406.0,56,상위 56%,36967.13538447217,25220,45036,55.999644728661515
월별,202406.0,57,상위 57%,36380.07433013168,25670,45036,56.99884536814992
월별,202406.0,58,상위 58%,35737.84817039869,26133,45036,58.02691180389022
월별,202406.0,59,상위 59%,35122.04345604489,26571,45036,58.999467092992276
월별,202406.0,60,상위 60%,34607.37113462738,27022,45036,60.000888178346216
월별,202406.0,61,상위 61%,34085.85834354379,27472,45036,61.000088817834616
월별,202406.0,62,상위 62%,33441.92910592537,27922,45036,61.99928945732302
월별,202406.0,63,상위 63%,32722.046815459988,28377,45036,63.009592326139085
월별,202406.0,64,상위 64%,32114.25705053867,28823,45036,63.999911182165384
월별,202406.0,65,상위 65%,31501.875112149595,29273,45036,64.99911182165378
월별,202406.0,66,상위 66%,30790.806652536292,29724,45036,66.00053290700772
월별,202406.0,67,상위 67%,30190.75373658094,30174,45036,66.99973354649613
월별,202406.0,68,상위 68%,29630.08407180186,30624,45036,67.99893418598455
월별,202406.0,69,상위 69%,28985.43406297188,31075,45036,69.00035527133849
월별,202406.0,70,상위 70%,28370.601420796524,31525,45036,69.9995559108269
월별,202406.0,71,상위 71%,27698.68911155115,31975,45036,70.9987565503153
월별,202406.0,72,상위 72%,27155.204611382887,32426,45036,72.00017763566923
월별,202406.0,73,상위 73%,26558.370574790242,32876,45036,72.99937827515765
월별,202406.0,74,상위 74%,25870.654728681384,33326,45036,73.99857891464606
월별,202406.0,75,상위 75%,25275.374802680126,33777,45036,75.0
월별,202406.0,76,상위 76%,24717.896177142346,34227,45036,75.99920063948841
월별,202406.0,77,상위 77%,24164.847232127944,34677,45036,76.99840127897681
월별,202406.0,78,상위 78%,23571.48116962629,35128,45036,77.99982236433077
월별,202406.0,79,상위 79%,22874.740359600717,35578,45036,78.99902300381918
월별,202406.0,80,상위 80%,22308.334725238015,36029,45036,80.0004440891731
월별,202406.0,81,상위 81%,21746.167857046992,36479,45036,80.99964472866151
월별,202406.0,82,상위 82%,21095.562944643305,36929,45036,81.99884536814992
월별,202406.0,83,상위 83%,20480.550480399917,37380,45036,83.00026645350387
월별,202406.0,84,상위 84%,19842.25027626033,37830,45036,83.99946709299228
월별,202406.0,85,상위 85%,19266.799262652912,38280,45036,84.99866773248068
월별,202406.0,86,상위 86%,18582.082853505788,38731,45036,86.00008881783462
월별,202406.0,87,상위 87%,17957.711341049446,39181,45036,86.99928945732303
월별,202406.0,88,상위 88%,17298.261089396605,39631,45036,87.99849009681144
월별,202406.0,89,상위 89%,16645.05203353808,40082,45036,88.99991118216538
월별,202406.0,90,상위 90%,15838.993634177186,40532,45036,89.99911182165378
월별,202406.0,91,상위 91%,15157.514850932022,40982,45036,90.99831246114219
월별,202406.0,92,상위 92%,14385.824014388161,41433,45036,91.99973354649613
월별,202406.0,93,상위 93%,13581.067808259466,41883,45036,92.99893418598455
월별,202406.0,94,상위 94%,12694.495039700087,42333,45036,93.99813482547296
월별,202406.0,95,상위 95%,11850.837399421736,42784,45036,94.9995559108269
월별,202406.0,96,상위 96%,10931.264689636784,43234,45036,95.9987565503153
월별,202406.0,97,상위 97%,9927.973999758286,43684,45036,96.99795718980371
월별,202406.0,98,상위 98%,8771.25113556823,44135,45036,97.99937827515765
월별,202406.0,99,상위 99%,7095.446882526091,44585,45036,98.99857891464606
월별,202406.0,100,상위 100%,1954.215522054718,45036,45036,100.0
월별,202407.0,1,상위 1%,247121.3311258805,498,49786,1.000281203551199
월별,202407.0,2,상위 2%,205135.06732457975,997,49786,2.0025710038966777
월별,202407.0,3,상위 3%,180394.1003714261,1494,49786,3.0008436106535976
월별,202407.0,4,상위 4%,163383.66874007107,1992,49786,4.001124814204796
월별,202407.0,5,상위 5%,151256.08735877727,2490,49786,5.001406017755996
월별,202407.0,6,상위 6%,140676.40087358843,2988,49786,6.001687221307195
월별,202407.0,7,상위 7%,133094.30242982923,3485,49786,6.999959828064115
월별,202407.0,8,상위 8%,126042.21902103806,3983,49786,8.000241031615314
월별,202407.0,9,상위 9%,119954.36146506644,4481,49786,9.000522235166512
월별,202407.0,10,상위 10%,115527.9177433408,4979,49786,10.000803438717712
월별,202407.0,11,상위 11%,111145.86361334899,5477,49786,11.001084642268912
월별,202407.0,12,상위 12%,106322.65538301466,5975,49786,12.001365845820109
월별,202407.0,13,상위 13%,102502.86980838382,6473,49786,13.001647049371309
월별,202407.0,14,상위 14%,98964.40828113562,6970,49786,13.99991965612823
월별,202407.0,15,상위 15%,95553.27479378114,7468,49786,15.000200859679428
월별,202407.0,16,상위 16%,92572.66623084343,7966,49786,16.000482063230628
월별,202407.0,17,상위 17%,89433.94282414652,8464,49786,17.000763266781828
월별,202407.0,18,상위 18%,87020.2728613569,8962,49786,18.001044470333024
월별,202407.0,19,상위 19%,84478.39463476,9460,49786,19.001325673884224
월별,202407.0,20,상위 20%,82546.78121690008,9958,49786,20.001606877435425
월별,202407.0,21,상위 21%,80366.5274221803,10458,49786,21.00590527457518
월별,202407.0,22,상위 22%,78423.87740721914,10953,49786,22.00016068774354
월별,202407.0,23,상위 23%,76356.76774667439,11451,49786,23.00044189129474
월별,202407.0,24,상위 24%,74283.79806702248,11949,49786,24.00072309484594
월별,202407.0,25,상위 25%,72442.35262096536,12447,49786,25.001004298397138
월별,202407.0,26,상위 26%,70644.53797084451,12945,49786,26.00128550194834
월별,202407.0,27,상위 27%,69184.79719168821,13442,49786,26.99955810870526
월별,202407.0,28,상위 28%,67437.55436178917,13940,49786,27.99983931225646
월별,202407.0,29,상위 29%,66094.65616402094,14438,49786,29.00012051580766
월별,202407.0,30,상위 30%,64388.083277546866,14936,49786,30.000401719358855
월별,202407.0,31,상위 31%,63066.37991108779,15434,49786,31.000682922910055
월별,202407.0,32,상위 32%,61689.77546352035,15932,49786,32.000964126461255
월별,202407.0,33,상위 33%,60339.14272256241,16431,49786,33.00325392680673
월별,202407.0,34,상위 34%,59209.17459280957,16927,49786,33.99951793676937
월별,202407.0,35,상위 35%,58143.17930878443,17425,49786,34.99979914032057
월별,202407.0,36,상위 36%,57013.25773367798,17924,49786,36.00208894066605
월별,202407.0,37,상위 37%,56000.0,18423,49786,37.00437874101153
월별,202407.0,38,상위 38%,54853.49281558502,18919,49786,38.000642750974166
월별,202407.0,39,상위 39%,53662.27832922663,19417,49786,39.00092395452537
월별,202407.0,40,상위 40%,52659.649122807015,19915,49786,40.00120515807657
월별,202407.0,41,상위 41%,51602.0834692774,20412,49786,40.999477764833486
월별,202407.0,42,상위 42%,50499.62091830287,20910,49786,41.99975896838469
월별,202407.0,43,상위 43%,49535.62011116142,21408,49786,43.000040171935886
월별,202407.0,44,상위 44%,48716.61278175611,21906,49786,44.00032137548708
월별,202407.0,45,상위 45%,47701.91588029194,22404,49786,45.000602579038286
월별,202407.0,46,상위 46%,46888.95017883609,22902,49786,46.00088378258948
월별,202407.0,47,상위 47%,46042.417578016335,23399,49786,46.9991563893464
월별,202407.0,48,상위 48%,45178.704384889425,23897,49786,47.99943759289761
월별,202407.0,49,상위 49%,44462.89314416474,24395,49786,48.999718796448796
월별,202407.0,50,상위 50%,43561.292383266955,24893,49786,50.0
월별,202407.0,51,상위 51%,42771.67775246406,25391,49786,51.000281203551204
월별,202407.0,52,상위 52%,42014.00466822274,25896,49786,52.01462258466235
월별,202407.0,53,상위 53%,41243.44512908405,26387,49786,53.000843610653604
월별,202407.0,54,상위 54%,40426.80278932777,26884,49786,53.99911621741052
월별,202407.0,55,상위 55%,39587.00702711571,27382,49786,54.999397420961714
월별,202407.0,56,상위 56%,38882.69981949357,27880,49786,55.99967862451292
월별,202407.0,57,상위 57%,38121.89172323809,28379,49786,57.0019684248584
월별,202407.0,58,상위 58%,37502.31384213284,28876,49786,58.00024103161532
월별,202407.0,59,상위 59%,36850.19470997781,29374,49786,59.00052223516651
월별,202407.0,60,상위 60%,36180.42130357698,29876,49786,60.00883782589484
월별,202407.0,61,상위 61%,35580.782144348246,30369,49786,60.99907604547463
월별,202407.0,62,상위 62%,34950.000148462284,30867,49786,61.999357249025834
월별,202407.0,63,상위 63%,34333.04530442747,31365,49786,62.99963845257703
월별,202407.0,64,상위 64%,33620.40758850516,31863,49786,63.99991965612822
월별,202407.0,65,상위 65%,32890.09878554607,32361,49786,65.00020085967942
월별,202407.0,66,상위 66%,32183.90804597701,32860,49786,66.0024906600249
월별,202407.0,67,상위 67%,31604.559947017206,33356,49786,66.99875466998755
월별,202407.0,68,상위 68%,30862.864753069043,33854,49786,67.99903587353874
월별,202407.0,69,상위 69%,30242.056459839267,34355,49786,69.00534286747279
월별,202407.0,70,상위 70%,29631.901840490795,34851,49786,70.00160687743542
월별,202407.0,71,상위 71%,28856.640747255842,35348,49786,70.99987948419233
월별,202407.0,72,상위 72%,28192.566787507356,35846,49786,72.00016068774354
월별,202407.0,73,상위 73%,27585.135383268123,36345,49786,73.00245048808902
월별,202407.0,74,상위 74%,26806.751283937654,36841,49786,73.99871449805167
월별,202407.0,75,상위 75%,26205.36898749846,37339,49786,74.99899570160285
월별,202407.0,76,상위 76%,25544.022610954093,37837,49786,75.99927690515406
월별,202407.0,77,상위 77%,25030.26895568426,38335,49786,76.99955810870526
월별,202407.0,78,상위 78%,24437.590762580287,38833,49786,77.99983931225646
월별,202407.0,79,상위 79%,23778.9813390429,39331,49786,79.00012051580767
월별,202407.0,80,상위 80%,23111.555777888945,39832,49786,80.0064275097417
월별,202407.0,81,상위 81%,22458.68940689705,40326,49786,80.99867432611578
월별,202407.0,82,상위 82%,21810.581301164984,40824,49786,81.99895552966697
월별,202407.0,83,상위 83%,21199.734370444326,41322,49786,82.99923673321817
월별,202407.0,84,상위 84%,20568.61415415149,41820,49786,83.99951793676938
월별,202407.0,85,상위 85%,19797.9797979798,42319,49786,85.00180773711486
월별,202407.0,86,상위 86%,19203.713917211684,42816,49786,86.00008034387177
월별,202407.0,87,상위 87%,18430.41863113383,43313,49786,86.99835295062869
월별,202407.0,88,상위 88%,17782.470362209548,43811,49786,87.99863415417988
월별,202407.0,89,상위 89%,17009.355279407584,44309,49786,88.9989153577311
월별,202407.0,90,상위 90%,16318.601262748904,44808,49786,90.00120515807657
월별,202407.0,91,상위 91%,15548.177037220665,45305,49786,90.99947776483349
월별,202407.0,92,상위 92%,14760.1898975007,45803,49786,91.99975896838468
월별,202407.0,93,상위 93%,13912.45895711437,46301,49786,93.00004017193588
월별,202407.0,94,상위 94%,12963.138851198557,46798,49786,93.9983127786928
월별,202407.0,95,상위 95%,11998.137031670467,47296,49786,94.998593982244
월별,202407.0,96,상위 96%,11088.460455952718,47794,49786,95.99887518579521
월별,202407.0,97,상위 97%,9940.006210078078,48292,49786,96.9991563893464
월별,202407.0,98,상위 98%,8784.9794433603,48791,49786,98.00144618969188
월별,202407.0,99,상위 99%,7257.3482597623115,49288,49786,98.9997187964488
월별,202407.0,100,상위 100%,1954.215522054718,49786,49786,100.0
월별,202408.0,1,상위 1%,233749.461146115,446,44504,1.0021571094733057
월별,202408.0,2,상위 2%,187683.14377682036,891,44504,2.002067229911918
월별,202408.0,3,상위 3%,163721.48852393084,1336,44504,3.0019773503505305
월별,202408.0,4,상위 4%,147772.99551076596,1781,44504,4.001887470789143
월별,202408.0,5,상위 5%,134278.84615384613,2227,44504,5.004044580262448
월별,202408.0,6,상위 6%,125220.77456770254,2671,44504,6.001707711666367
월별,202408.0,7,상위 7%,118410.67905367326,3116,44504,7.00161783210498
월별,202408.0,8,상위 8%,112670.27100652145,3561,44504,8.001527952543592
월별,202408.0,9,상위 9%,107120.39274331441,4006,44504,9.001438072982204
월별,202408.0,10,상위 10%,102234.07802600868,4452,44504,10.003595182455511
월별,202408.0,11,상위 11%,97888.31607211354,4896,44504,11.001258313859429
월별,202408.0,12,상위 12%,94096.96563056092,5341,44504,12.001168434298041
월별,202408.0,13,상위 13%,90607.19995295073,5786,44504,13.001078554736653
월별,202408.0,14,상위 14%,87837.78134170758,6231,44504,14.000988675175266
월별,202408.0,15,상위 15%,84982.13455949229,6676,44504,15.000898795613876
월별,202408.0,16,상위 16%,82798.97167470606,7121,44504,16.00080891605249
월별,202408.0,17,상위 17%,80552.74326216355,7566,44504,17.000719036491102
월별,202408.0,18,상위 18%,78586.19586904823,8011,44504,18.000629156929715
월별,202408.0,19,상위 19%,76604.53662707123,8456,44504,19.000539277368325
월별,202408.0,20,상위 20%,74274.88890227192,8901,44504,20.00044939780694
월별,202408.0,21,상위 21%,72276.06726885345,9346,44504,21.000359518245553
월별,202408.0,22,상위 22%,70513.23374927226,9791,44504,22.000269638684163
월별,202408.0,23,상위 23%,68996.08836611902,10236,44504,23.000179759122773
월별,202408.0,24,상위 24%,67599.0970966702,10681,44504,24.000089879561386
월별,202408.0,25,상위 25%,66091.27957838138,11127,44504,25.002246989034692
월별,202408.0,26,상위 26%,64417.90014327149,11571,44504,25.999910120438614
월별,202408.0,27,상위 27%,63177.01706202611,12016,44504,26.999820240877227
월별,202408.0,28,상위 28%,61866.49006967833,12461,44504,27.999730361315837
월별,202408.0,29,상위 29%,60604.42631525139,12906,44504,28.99964048175445
월별,202408.0,30,상위 30%,59374.480004612786,13351,44504,29.99955060219306
월별,202408.0,31,상위 31%,58396.05619115324,13796,44504,30.99946072263167
월별,202408.0,32,상위 32%,57345.58045950196,14241,44504,31.999370843070285
월별,202408.0,33,상위 33%,56177.933676883986,14686,44504,32.999280963508895
월별,202408.0,34,상위 34%,55054.825962487776,15132,44504,34.001438072982204
월별,202408.0,35,상위 35%,53920.928799670415,15577,44504,35.00134819342082
월별,202408.0,36,상위 36%,52820.782497586646,16022,44504,36.00125831385943
월별,202408.0,37,상위 37%,51830.46466098534,16467,44504,37.001168434298044
월별,202408.0,38,상위 38%,50912.08661880664,16913,44504,38.003325543771346
월별,202408.0,39,상위 39%,49868.46861584656,17361,44504,39.00997663131404
월별,202408.0,40,상위 40%,49015.40717739054,17802,44504,40.00089879561388
월별,202408.0,41,상위 41%,48135.79212474569,18247,44504,41.00080891605249
월별,202408.0,42,상위 42%,47173.08770607025,18692,44504,42.000719036491105
월별,202408.0,43,상위 43%,46251.25204365623,19137,44504,43.00062915692971
월별,202408.0,44,상위 44%,45471.00333888452,19582,44504,44.000539277368325
월별,202408.0,45,상위 45%,44616.145152237,20027,44504,45.00044939780694
월별,202408.0,46,상위 46%,43926.73495163593,20472,44504,46.000359518245546
월별,202408.0,47,상위 47%,43099.78768577494,20918,44504,47.002516627718855
월별,202408.0,48,상위 48%,42315.57639067295,21362,44504,48.00017975912277
월별,202408.0,49,상위 49%,41545.233518787034,21807,44504,49.000089879561386
월별,202408.0,50,상위 50%,40763.83328379087,22252,44504,50.0
월별,202408.0,51,상위 51%,40038.52501733261,22697,44504,50.99991012043861
월별,202408.0,52,상위 52%,39444.402200539,23142,44504,51.99982024087723
월별,202408.0,53,상위 53%,38582.414203636734,23587,44504,52.999730361315834
월별,202408.0,54,상위 54%,37847.52956245086,24032,44504,53.999640481754454
월별,202408.0,55,상위 55%,37176.25280419877,24477,44504,54.99955060219306
월별,202408.0,56,상위 56%,36571.69667189486,24922,44504,55.999460722631675
월별,202408.0,57,상위 57%,35843.07971029857,25367,44504,56.99937084307029
월별,202408.0,58,상위 58%,35144.37242192104,25814,44504,58.00377494157829
월별,202408.0,59,상위 59%,34592.83695606884,26257,44504,58.99919108394751
월별,202408.0,60,상위 60%,33969.78973669407,26702,44504,59.99910120438612
월별,202408.0,61,상위 61%,33330.8797549934,27147,44504,60.999011324824735
월별,202408.0,62,상위 62%,32647.182554906547,27592,44504,61.99892144526334
월별,202408.0,63,상위 63%,32122.67570664811,28037,44504,62.99883156570196
월별,202408.0,64,상위 64%,31517.923988905648,28482,44504,63.99874168614057
월별,202408.0,65,상위 65%,30841.1214953271,28928,44504,65.00089879561388
월별,202408.0,66,상위 66%,30242.063239387728,29372,44504,65.99856192701779
월별,202408.0,67,상위 67%,29664.85669055246,29818,44504,67.00071903649109
월별,202408.0,68,상위 68%,29139.37322890415,30263,44504,68.00062915692972
월별,202408.0,69,상위 69%,28506.07338297191,30708,44504,69.00053927736832
월별,202408.0,70,상위 70%,27859.859998602595,31153,44504,70.00044939780695
월별,202408.0,71,상위 71%,27201.601195884698,31598,44504,71.00035951824555
월별,202408.0,72,상위 72%,26645.03010087047,32044,44504,72.00251662771886
월별,202408.0,73,상위 73%,26062.81902011447,32488,44504,73.00017975912277
월별,202408.0,74,상위 74%,25409.32818604079,32933,44504,74.00008987956139
월별,202408.0,75,상위 75%,24830.501067847254,33378,44504,75.0
월별,202408.0,76,상위 76%,24245.974349498054,33823,44504,75.99991012043861
월별,202408.0,77,상위 77%,23728.81355932204,34269,44504,77.00206722991192
월별,202408.0,78,상위 78%,23103.850641773628,34715,44504,78.00422433938522
월별,202408.0,79,상위 79%,22482.57224892923,35158,44504,78.99964048175445
월별,202408.0,80,상위 80%,21858.38156291345,35603,44504,79.99955060219305
월별,202408.0,81,상위 81%,21337.84928027096,36053,44504,81.01069566780514
월별,202408.0,82,상위 82%,20765.816000250274,36493,44504,81.99937084307028
월별,202408.0,83,상위 83%,20164.147812391955,36938,44504,82.99928096350891
월별,202408.0,84,상위 84%,19600.88846256305,37383,44504,83.99919108394751
월별,202408.0,85,상위 85%,18907.720782698787,37828,44504,84.99910120438612
월별,202408.0,86,상위 86%,18254.76429287864,38274,44504,86.00125831385942
월별,202408.0,87,상위 87%,17625.00731264655,38718,44504,86.99892144526335
월별,202408.0,88,상위 88%,16909.914443885253,39164,44504,88.00107855473665
월별,202408.0,89,상위 89%,16317.400518012715,39609,44504,89.00098867517526
월별,202408.0,90,상위 90%,15620.479884357817,40053,44504,89.99865180657919
월별,202408.0,91,상위 91%,14906.29684591328,40498,44504,90.99856192701779
월별,202408.0,92,상위 92%,14227.961955065774,40944,44504,92.00071903649109
월별,202408.0,93,상위 93%,13493.616149262276,41388,44504,92.99838216789502
월별,202408.0,94,상위 94%,12643.366761639309,41833,44504,93.99829228833363
월별,202408.0,95,상위 95%,11764.235127969041,42278,44504,94.99820240877224
월별,202408.0,96,상위 96%,10847.373504718042,42723,44504,95.99811252921086
월별,202408.0,97,상위 97%,9828.539246333934,43168,44504,96.99802264964947
월별,202408.0,98,상위 98%,8535.940758392995,43613,44504,97.99793277008808
월별,202408.0,99,상위 99%,7018.740038431173,44058,44504,98.9978428905267
월별,202408.0,100,상위 100%,2569.134701159679,44504,44504,100.0
월별,202409.0,1,상위 1%,209801.5324435584,310,30943,1.001842096758556
월별,202409.0,2,상위 2%,166071.9861377901,619,30943,2.000452444817891
월별,202409.0,3,상위 3%,136727.75442284803,929,30943,3.002294541576447
월별,202409.0,4,상위 4%,121581.54859967052,1239,30943,4.004136638335003
월별,202409.0,5,상위 5%,110627.8072906563,1548,30943,5.002746986394338
월별,202409.0,6,상위 6%,103632.30952434234,1857,30943,6.001357334453672
월별,202409.0,7,상위 7%,96687.74144516078,2166,30943,6.999967682513007
월별,202409.0,8,상위 8%,90905.4527263632,2477,30943,8.005041527970786
월별,202409.0,9,상위 9%,87345.32452298392,2785,30943,9.0004201273309
월별,202409.0,10,상위 10%,83432.27020739434,3095,30943,10.002262224089455
월별,202409.0,11,상위 11%,80416.07950054342,3404,30943,11.00087257214879
월별,202409.0,12,상위 12%,77603.37072954755,3714,30943,12.002714668907345
월별,202409.0,13,상위 13%,75025.2821869726,4023,30943,13.00132501696668
월별,202409.0,14,상위 14%,72595.31283407725,4332,30943,13.999935365026014
월별,202409.0,15,상위 15%,70189.94123194201,4642,30943,15.00177746178457
월별,202409.0,16,상위 16%,68315.00924437468,4951,30943,16.000387809843907
월별,202409.0,17,상위 17%,66318.7030446817,5262,30943,17.005461655301684
월별,202409.0,18,상위 18%,64358.97705573778,5570,30943,18.0008402546618
월별,202409.0,19,상위 19%,62877.67883612686,5879,30943,18.999450602721133
월별,202409.0,20,상위 20%,61477.26161345081,6189,30943,20.001292699479688
월별,202409.0,21,상위 21%,60207.23693842029,6498,30943,20.99990304753902
월별,202409.0,22,상위 22%,58764.27185113883,6808,30943,22.00174514429758
월별,202409.0,23,상위 23%,57421.41820331241,7117,30943,23.000355492356913
월별,202409.0,24,상위 24%,56355.88975110996,7427,30943,24.00219758911547
월별,202409.0,25,상위 25%,55312.01514302856,7736,30943,25.000807937174805
월별,202409.0,26,상위 26%,54155.27775830717,8045,30943,25.99941828523414
월별,202409.0,27,상위 27%,53070.67996494456,8355,30943,27.001260381992697
월별,202409.0,28,상위 28%,52057.4163866921,8664,30943,27.999870730052027
월별,202409.0,29,상위 29%,50893.521354025455,8974,30943,29.00171282681059
월별,202409.0,30,상위 30%,49827.373334436896,9283,30943,30.00032317486992
월별,202409.0,31,상위 31%,48934.9182064258,9595,30943,31.00862876902692
월별,202409.0,32,상위 32%,48074.57658971744,9902,30943,32.000775619687815
월별,202409.0,33,상위 33%,47321.28829536528,10221,30943,33.03170345473936
월별,202409.0,34,상위 34%,46460.689082792225,10521,30943,34.0012280645057
월별,202409.0,35,상위 35%,45523.87427492257,10830,30943,34.99983841256504
월별,202409.0,36,상위 36%,44808.78252663369,11140,30943,36.0016805093236
월별,202409.0,37,상위 37%,44105.51407151653,11449,30943,37.00029085738293
월별,202409.0,38,상위 38%,43407.51081409192,11758,30943,37.998901205442266
월별,202409.0,39,상위 39%,42529.45211795941,12068,30943,39.00074330220082
월별,202409.0,40,상위 40%,41881.262629104174,12377,30943,39.999353650260154
월별,202409.0,41,상위 41%,41146.98143189308,12687,30943,41.00119574701871
월별,202409.0,42,상위 42%,40519.51763148417,12996,30943,41.99980609507804
월별,202409.0,43,상위 43%,39679.73032406897,13306,30943,43.0016481918366
월별,202409.0,44,상위 44%,39131.772538346646,13615,30943,44.00025853989594
월별,202409.0,45,상위 45%,38452.13748249058,13924,30943,44.998868887955275
월별,202409.0,46,상위 46%,37732.19586535077,14234,30943,46.00071098471383
월별,202409.0,47,상위 47%,37156.24940100292,14544,30943,47.002553081472385
월별,202409.0,48,상위 48%,36572.06013573017,14853,30943,48.001163429531715
월별,202409.0,49,상위 49%,35984.19710941164,15162,30943,48.99977377759105
월별,202409.0,50,상위 50%,35387.14991762768,15472,30943,50.00161587434961
월별,202409.0,51,상위 51%,34846.80146408821,15781,30943,51.00022622240895
월별,202409.0,52,상위 52%,34255.08097946997,16090,30943,51.99883657046828
월별,202409.0,53,상위 53%,33702.00354616523,16400,30943,53.00067866722684
월별,202409.0,54,상위 54%,33196.04808951315,16710,30943,54.002520763985395
월별,202409.0,55,상위 55%,32636.242774849674,17019,30943,55.00113111204473
월별,202409.0,56,상위 56%,32135.317250825115,17328,30943,55.999741460104055
월별,202409.0,57,상위 57%,31604.70738282811,17637,30943,56.99835180816339
월별,202409.0,58,상위 58%,30979.7437127625,17947,30943,58.00019390492195
월별,202409.0,59,상위 59%,30410.997662856455,18256,30943,58.99880425298129
월별,202409.0,60,상위 60%,29753.134651467975,18566,30943,60.00064634973984
월별,202409.0,61,상위 61%,29278.649343683966,18875,30943,60.999256697799176
월별,202409.0,62,상위 62%,28761.3038838252,19185,30943,62.00109879455773
월별,202409.0,63,상위 63%,28230.060802679793,19494,30943,62.999709142617064
월별,202409.0,64,상위 64%,27773.71080438021,19803,30943,63.9983194906764
월별,202409.0,65,상위 65%,27227.626494335767,20113,30943,65.00016158743496
월별,202409.0,66,상위 66%,26684.429352135907,20422,30943,65.99877193549429
월별,202409.0,67,상위 67%,26128.7587308991,20732,30943,67.00061403225284
월별,202409.0,68,상위 68%,25591.81479872045,21041,30943,67.99922438031219
월별,202409.0,69,상위 69%,25108.31554966509,21350,30943,68.99783472837152
월별,202409.0,70,상위 70%,24661.656830454544,21660,30943,69.99967682513008
월별,202409.0,71,상위 71%,24087.10591855067,21969,30943,70.99828717318941
월별,202409.0,72,상위 72%,23606.615354221685,22279,30943,72.00012926994796
월별,202409.0,73,상위 73%,23105.00608465167,22592,30943,73.01166661280419
월별,202409.0,74,상위 74%,22547.502622171804,22898,30943,74.00058171476586
월별,202409.0,75,상위 75%,22035.98305344787,23207,30943,74.99919206282519
월별,202409.0,76,상위 76%,21518.490653824814,23516,30943,75.99780241088453
월별,202409.0,77,상위 77%,21006.764183306343,23826,30943,76.99964450764308
월별,202409.0,78,상위 78%,20613.46535691168,24135,30943,77.99825485570241
월별,202409.0,79,상위 79%,20050.219550431175,24445,30943,79.00009695246098
월별,202409.0,80,상위 80%,19598.495546024413,24754,30943,79.99870730052031
월별,202409.0,81,상위 81%,18991.115015876974,25064,30943,81.00054939727886
월별,202409.0,82,상위 82%,18482.681811835097,25373,30943,81.9991597453382
월별,202409.0,83,상위 83%,17956.010902924074,25682,30943,82.99777009339753
월별,202409.0,84,상위 84%,17501.867088829356,25992,30943,83.99961219015609
월별,202409.0,85,상위 85%,16868.073642000192,26301,30943,84.99822253821543
월별,202409.0,86,상위 86%,16405.984848484848,26611,30943,86.00006463497398
월별,202409.0,87,상위 87%,15822.050335343887,26920,30943,86.99867498303333
월별,202409.0,88,상위 88%,15261.22090244917,27229,30943,87.99728533109266
월별,202409.0,89,상위 89%,14701.001633786664,27539,30943,88.9991274278512
월별,202409.0,90,상위 90%,14039.938681903652,27848,30943,89.99773777591055
월별,202409.0,91,상위 91%,13450.873571731188,28158,30943,90.9995798726691
월별,202409.0,92,상위 92%,12873.077595352976,28467,30943,91.99819022072843
월별,202409.0,93,상위 93%,12170.908249793472,28777,30943,93.000032317487
월별,202409.0,94,상위 94%,11451.70857193262,29086,30943,93.99864266554633
월별,202409.0,95,상위 95%,10720.055960286163,29395,30943,94.99725301360567
월별,202409.0,96,상위 96%,9915.621780331165,29705,30943,95.99909511036422
월별,202409.0,97,상위 97%,9085.852312008834,30014,30943,96.99770545842355
월별,202409.0,98,상위 98%,8091.550677156157,30324,30943,97.9995475551821
월별,202409.0,99,상위 99%,6744.898742650199,30633,30943,98.99815790324145
월별,202409.0,100,상위 100%,2238.1635581061696,30943,30943,100.0
월별,202410.0,1,상위 1%,209515.0442063317,395,39459,1.001039053194455
월별,202410.0,2,상위 2%,160041.76374893248,790,39459,2.00207810638891
월별,202410.0,3,상위 3%,135937.2185652717,1184,39459,3.0005828834993284
월별,202410.0,4,상위 4%,122031.3647576256,1579,39459,4.001621936693783
월별,202410.0,5,상위 5%,112379.85984321563,1973,39459,5.000126713804201
월별,202410.0,6,상위 6%,104328.27458100113,2368,39459,6.001165766998657
월별,202410.0,7,상위 7%,97480.67478826878,2763,39459,7.0022048201931115
월별,202410.0,8,상위 8%,92283.70329827971,3157,39459,8.00070959730353
월별,202410.0,9,상위 9%,87660.12302908533,3552,39459,9.001748650497985
월별,202410.0,10,상위 10%,83873.64176016291,3946,39459,10.000253427608403
월별,202410.0,11,상위 11%,80312.09481889097,4341,39459,11.001292480802858
월별,202410.0,12,상위 12%,77667.65886564991,4735,39459,11.999797257913276
월별,202410.0,13,상위 13%,74924.9749916639,5131,39459,13.003370587191768
월별,202410.0,14,상위 14%,72678.09842798846,5525,39459,14.001875364302188
월별,202410.0,15,상위 15%,70378.12326678455,5919,39459,15.000380141412606
월별,202410.0,16,상위 16%,68498.70374734857,6315,39459,16.003953470691094
월별,202410.0,17,상위 17%,66570.60518731987,6709,39459,17.002458247801517
월별,202410.0,18,상위 18%,64626.51593836396,7104,39459,18.00349730099597
월별,202410.0,19,상위 19%,63010.50175029172,7500,39459,19.007070630274463
월별,202410.0,20,상위 20%,61502.373152647655,7892,39459,20.000506855216805
월별,202410.0,21,상위 21%,60017.92765491649,8287,39459,21.001545908411263
월별,202410.0,22,상위 22%,58820.42998904383,8681,39459,22.00005068552168
월별,202410.0,23,상위 23%,57452.2250300618,9076,39459,23.001089738716136
월별,202410.0,24,상위 24%,56176.10502279475,9470,39459,23.99959451582655
월별,202410.0,25,상위 25%,55026.55077988473,9865,39459,25.00063356902101
월별,202410.0,26,상위 26%,53787.80649882656,10260,39459,26.001672622215466
월별,202410.0,27,상위 27%,52691.99522800079,10654,39459,27.00017739932588
월별,202410.0,28,상위 28%,51573.967001188845,11049,39459,28.00121645252034
월별,202410.0,29,상위 29%,50423.728813559326,11444,39459,29.002255505714793
월별,202410.0,30,상위 30%,49443.18731037903,11838,39459,30.000760282825212
월별,202410.0,31,상위 31%,48573.71545651445,12232,39459,30.999265059935627
월별,202410.0,32,상위 32%,47637.91794427977,12627,39459,32.000304113130085
월별,202410.0,33,상위 33%,46780.41990073559,13022,39459,33.00134316632454
월별,202410.0,34,상위 34%,45944.58049537585,13416,39459,33.99984794343496
월별,202410.0,35,상위 35%,45048.34211863518,13811,39459,35.00088699662941
월별,202410.0,36,상위 36%,44379.538464171084,14205,39459,35.99939177373983
월별,202410.0,37,상위 37%,43505.89730913201,14602,39459,37.00549937910236
월별,202410.0,38,상위 38%,42727.27182819264,14995,39459,38.00146988012874
월별,202410.0,39,상위 39%,42040.08252422054,15389,39459,38.999974657239164
월별,202410.0,40,상위 40%,41446.999950870646,15784,39459,40.00101371043361
월별,202410.0,41,상위 41%,40651.146880807595,16178,39459,40.99951848754404
월별,202410.0,42,상위 42%,40028.238616307804,16576,39459,42.0081603689906
월별,202410.0,43,상위 43%,39303.48258706468,16968,39459,43.001596593932945
월별,202410.0,44,상위 44%,38561.28459493943,17362,39459,44.00010137104336
월별,202410.0,45,상위 45%,37932.08121105087,17757,39459,45.00114042423782
월별,202410.0,46,상위 46%,37259.49517258226,18151,39459,45.99964520134823
월별,202410.0,47,상위 47%,36587.936940202,18546,39459,47.00068425454269
월별,202410.0,48,상위 48%,36048.922503840906,18940,39459,47.9991890316531
월별,202410.0,49,상위 49%,35389.75501113586,19337,39459,49.00529663701564
월별,202410.0,50,상위 50%,34801.967718828855,19730,39459,50.00126713804202
월별,202410.0,51,상위 51%,34323.4742858696,20124,39459,50.99977191515244
월별,202410.0,52,상위 52%,33651.41937383608,20519,39459,52.00081096834689
월별,202410.0,53,상위 53%,33126.45193892484,20913,39459,52.99931574545731
월별,202410.0,54,상위 54%,32570.370109918884,21308,39459,54.00035479865176
월별,202410.0,55,상위 55%,32005.583900231526,21702,39459,54.99885957576218
월별,202410.0,56,상위 56%,31505.25087514586,22099,39459,56.00496718112471
월별,202410.0,57,상위 57%,30819.175180856368,22492,39459,57.0009376821511
월별,202410.0,58,상위 58%,30239.185145888598,22886,39459,57.99944245926151
월별,202410.0,59,상위 59%,29662.685849755493,23281,39459,59.00048151245597
월별,202410.0,60,상위 60%,29185.802250258806,23675,39459,59.99898628956638
월별,202410.0,61,상위 61%,28682.444365948424,24071,39459,61.00255961884488
월별,202410.0,62,상위 62%,28131.279303415944,24465,39459,62.0010643959553
월별,202410.0,63,상위 63%,27683.114031136163,24859,39459,62.999569173065716
월별,202410.0,64,상위 64%,27176.19181853769,25254,39459,64.00060822626017
월별,202410.0,65,상위 65%,26606.419808421735,25648,39459,64.9991130033706
월별,202410.0,66,상위 66%,26016.901674456323,26043,39459,66.00015205656504
월별,202410.0,67,상위 67%,25545.194115328217,26437,39459,66.99865683367547
월별,202410.0,68,상위 68%,25022.311936047998,26832,39459,67.99969588686992
월별,202410.0,69,상위 69%,24535.16393740227,27227,39459,69.00073494006436
월별,202410.0,70,상위 70%,23979.98198711642,27621,39459,69.99923971717479
월별,202410.0,71,상위 71%,23567.03425712232,28016,39459,71.00027877036923
월별,202410.0,72,상위 72%,23083.086963402482,28410,39459,71.99878354747966
월별,202410.0,73,상위 73%,22565.711820627228,28805,39459,72.99982260067411
월별,202410.0,74,상위 74%,22126.90064363434,29199,39459,73.99832737778453
월별,202410.0,75,상위 75%,21658.442793991955,29594,39459,74.99936643097898
월별,202410.0,76,상위 76%,21164.021164021164,29990,39459,76.00293976025748
월별,202410.0,77,상위 77%,20737.86516196035,30383,39459,76.99891026128385
월별,202410.0,78,상위 78%,20246.68566036707,30778,39459,77.99994931447833
월별,202410.0,79,상위 79%,19705.14207651658,31172,39459,78.99845409158873
월별,202410.0,80,상위 80%,19200.055855228267,31567,39459,79.9994931447832
월별,202410.0,81,상위 81%,18650.086522641643,31961,39459,80.99799792189361
월별,202410.0,82,상위 82%,18163.61698140409,32356,39459,81.99903697508807
월별,202410.0,83,상위 83%,17643.577055595208,32751,39459,83.00007602828252
월별,202410.0,84,상위 84%,17112.89541596829,33145,39459,83.99858080539295
월별,202410.0,85,상위 85%,16679.017367639386,33540,39459,84.9996198585874
월별,202410.0,86,상위 86%,16085.84849371088,33934,39459,85.99812463569782
월별,202410.0,87,상위 87%,15514.409800896867,34329,39459,86.99916368889227
월별,202410.0,88,상위 88%,14925.373134328358,34725,39459,88.00273701817076
월별,202410.0,89,상위 89%,14352.77259246542,35118,39459,88.99870751919714
월별,202410.0,90,상위 90%,13740.610916374562,35515,39459,90.00481512455967
월별,202410.0,91,상위 91%,13147.013665875365,35907,39459,90.99825134950201
월별,202410.0,92,상위 92%,12570.545702727028,36302,39459,91.99929040269646
월별,202410.0,93,상위 93%,11871.405223944317,36696,39459,92.99779517980689
월별,202410.0,94,상위 94%,11204.63132533256,37091,39459,93.99883423300133
월별,202410.0,95,상위 95%,10505.050505050503,37487,39459,95.00240756227983
월별,202410.0,96,상위 96%,9785.555597394285,37881,39459,96.00091233939025
월별,202410.0,97,상위 97%,8904.59363957597,38277,39459,97.00448566866875
월별,202410.0,98,상위 98%,7921.240373064546,38669,39459,97.99792189361109
월별,202410.0,99,상위 99%,6528.164570855154,39064,39459,98.99896094680555
월별,202410.0,100,상위 100%,2101.0505252626317,39459,39459,100.0
월별,202411.0,1,상위 1%,219697.68945410306,322,32127,1.0022722320789368
월별,202411.0,2,상위 2%,169202.39534363104,643,32127,2.0014318174743986
월별,202411.0,3,상위 3%,144497.68296080944,964,32127,3.0005914028698606
월별,202411.0,4,상위 4%,128020.51384588286,1286,32127,4.002863634948797
월별,202411.0,5,상위 5%,117721.54932966441,1607,32127,5.002023220344259
월별,202411.0,6,상위 6%,108033.71502846714,1928,32127,6.001182805739721
월별,202411.0,7,상위 7%,100563.34914324392,2249,32127,7.000342391135182
월별,202411.0,8,상위 8%,94350.0582509336,2571,32127,8.002614623214118
월별,202411.0,9,상위 9%,89455.49818691712,2892,32127,9.00177420860958
월별,202411.0,10,상위 10%,85307.74323702416,3213,32127,10.000933794005043
월별,202411.0,11,상위 11%,81851.87274666117,3534,32127,11.000093379400504
월별,202411.0,12,상위 12%,78959.2061983996,3856,32127,12.002365611479442
월별,202411.0,13,상위 13%,75630.25210084034,4178,32127,13.004637843558378
월별,202411.0,14,상위 14%,73115.07403572844,4498,32127,14.000684782270364
월별,202411.0,15,상위 15%,70802.37645587655,4819,32127,14.999844367665826
월별,202411.0,16,상위 16%,68559.86962954383,5141,32127,16.002116599744763
월별,202411.0,17,상위 17%,66381.95535417975,5462,32127,17.001276185140224
월별,202411.0,18,상위 18%,64310.43897604622,5783,32127,18.000435770535685
월별,202411.0,19,상위 19%,62584.71061508424,6104,32127,18.99959535593115
월별,202411.0,20,상위 20%,60921.12559867484,6426,32127,20.001867588010086
월별,202411.0,21,상위 21%,59407.36906184378,6747,32127,21.001027173405546
월별,202411.0,22,상위 22%,58326.19359212149,7069,32127,22.003299405484483
월별,202411.0,23,상위 23%,56852.835763533294,7389,32127,22.999346344196468
월별,202411.0,24,상위 24%,55613.825243792024,7711,32127,24.00161857627541
월별,202411.0,25,상위 25%,54370.4357165912,8032,32127,25.000778161670866
월별,202411.0,26,상위 26%,53176.220148340464,8353,32127,25.999937747066333
월별,202411.0,27,상위 27%,52105.16741619456,8675,32127,27.00220997914527
월별,202411.0,28,상위 28%,51093.21048813657,8996,32127,28.001369564540727
월별,202411.0,29,상위 29%,49925.77132738584,9317,32127,29.000529149936188
월별,202411.0,30,상위 30%,49033.81642512077,9639,32127,30.002801382015125
월별,202411.0,31,상위 31%,48120.870695262434,9960,32127,31.00196096741059
월별,202411.0,32,상위 32%,47147.76632302406,10300,32127,32.06026083979208
월별,202411.0,33,상위 33%,46338.57538181868,10602,32127,33.00028013820152
월별,202411.0,34,상위 34%,45489.15682371083,10923,32127,33.99943972359697
월별,202411.0,35,상위 35%,44639.867883540435,11245,32127,35.001711955675916
월별,202411.0,36,상위 36%,43828.05562846988,11566,32127,36.00087154107137
월별,202411.0,37,상위 37%,43042.92715742544,11887,32127,37.00003112646684
월별,202411.0,38,상위 38%,42315.13505797321,12208,32127,37.9991907118623
월별,202411.0,39,상위 39%,41626.82631408879,12530,32127,39.001462943941235
월별,202411.0,40,상위 40%,41001.543096632944,12851,32127,40.000622529336695
월별,202411.0,41,상위 41%,40191.38755980861,13173,32127,41.00289476141563
월별,202411.0,42,상위 42%,39516.44899323482,13493,32127,41.99894170012762
월별,202411.0,43,상위 43%,38809.37891380043,13815,32127,43.001213932206554
월별,202411.0,44,상위 44%,38158.37309940346,14136,32127,44.000373517602014
월별,202411.0,45,상위 45%,37586.42272015709,14457,32127,44.99953310299748
월별,202411.0,46,상위 46%,37060.69138912648,14778,32127,45.998692688392936
월별,202411.0,47,상위 47%,36426.746993075016,15100,32127,47.00096492047188
월별,202411.0,48,상위 48%,35698.264667689764,15422,32127,48.00323715255082
월별,202411.0,49,상위 49%,35119.638305328386,15742,32127,48.9992840912628
월별,202411.0,50,상위 50%,34594.340177678416,16064,32127,50.00155632334173
월별,202411.0,51,상위 51%,33984.578083775894,16388,32127,51.01005384878763
월별,202411.0,52,상위 52%,33463.477246207694,16706,32127,51.99987549413267
월별,202411.0,53,상위 53%,32840.35382585928,17027,32127,52.99903507952812
월별,202411.0,54,상위 54%,32312.527019401972,17349,32127,54.001307311607064
월별,202411.0,55,상위 55%,31727.711265979266,17670,32127,55.00046689700252
월별,202411.0,56,상위 56%,31185.172540712683,17991,32127,55.99962648239798
월별,202411.0,57,상위 57%,30657.68144008067,18312,32127,56.998786067793446
월별,202411.0,58,상위 58%,30095.197167852348,18634,32127,58.001058299872376
월별,202411.0,59,상위 59%,29596.965447163006,18955,32127,59.000217885267844
월별,202411.0,60,상위 60%,29074.58779735777,19276,32127,59.999377470663305
월별,202411.0,61,상위 61%,28496.77418406279,19597,32127,60.998537056058765
월별,202411.0,62,상위 62%,27947.00804484688,19919,32127,62.0008092881377
월별,202411.0,63,상위 63%,27427.289958000936,20240,32127,62.99996887353316
월별,202411.0,64,상위 64%,26812.12121212121,20562,32127,64.0022411056121
월별,202411.0,65,상위 65%,26299.671341111633,20882,32127,64.9982880443241
월별,202411.0,66,상위 66%,25710.69106180478,21204,32127,66.00056027640304
월별,202411.0,67,상위 67%,25212.606303151577,21526,32127,67.00283250848196
월별,202411.0,68,상위 68%,24723.799854759494,21846,32127,67.99887944719394
월별,202411.0,69,상위 69%,24248.668469867425,22167,32127,68.9980390325894
월별,202411.0,70,상위 70%,23761.816084958708,22489,32127,70.00031126466834
월별,202411.0,71,상위 71%,23247.703289211207,22810,32127,70.9994708500638
월별,202411.0,72,상위 72%,22750.609631252915,23131,32127,71.99863043545928
월별,202411.0,73,상위 73%,22353.02113118554,23452,32127,72.99779002085474
월별,202411.0,74,상위 74%,21818.181818181816,23777,32127,74.0094001929841
월별,202411.0,75,상위 75%,21388.55234806049,24095,32127,74.99922183832913
월별,202411.0,76,상위 76%,20947.679411908226,24416,32127,75.9983814237246
월별,202411.0,77,상위 77%,20475.814688097464,24738,32127,77.00065365580353
월별,202411.0,78,상위 78%,19923.465201181574,25059,32127,77.99981324119899
월별,202411.0,79,상위 79%,19477.82351488708,25380,32127,78.99897282659445
월별,202411.0,80,상위 80%,18975.153474614584,25701,32127,79.99813241198991
월별,202411.0,81,상위 81%,18501.628201946984,26023,32127,81.00040464406885
월별,202411.0,82,상위 82%,18021.91296215348,26344,32127,81.99956422946431
월별,202411.0,83,상위 83%,17552.742616033753,26666,32127,83.00183646154325
월별,202411.0,84,상위 84%,16956.842111155074,26986,32127,83.99788340025523
월별,202411.0,85,상위 85%,16577.97478339965,27308,32127,85.00015563233417
월별,202411.0,86,상위 86%,16042.111136944897,27629,32127,85.99931521772963
월별,202411.0,87,상위 87%,15471.709338484225,27950,32127,86.99847480312509
월별,202411.0,88,상위 88%,14904.306220095696,28272,32127,88.00074703520403
월별,202411.0,89,상위 89%,14345.749463927508,28593,32127,88.9999066205995
월별,202411.0,90,상위 90%,13771.593148930777,28914,32127,89.99906620599496
월별,202411.0,91,상위 91%,13220.338983050848,29236,32127,91.0013384380739
월별,202411.0,92,상위 92%,12609.97545235687,29556,32127,91.99738537678587
월별,202411.0,93,상위 93%,11879.945272096571,29878,32127,92.99965760886482
월별,202411.0,94,상위 94%,11209.341117597998,30205,32127,94.01749307436113
월별,202411.0,95,상위 95%,10545.874554311256,30521,32127,95.00108942633922
월별,202411.0,96,상위 96%,9738.116776306191,30841,32127,95.9971363650512
월별,202411.0,97,상위 97%,8819.757480314962,31163,32127,96.99940859713014
월별,202411.0,98,상위 98%,7927.831719381792,31484,32127,97.9985681825256
월별,202411.0,99,상위 99%,6482.131881012623,31805,32127,98.99772776792106
월별,202411.0,100,상위 100%,1606.0776015907816,32127,32127,100.0
월별,202412.0,1,상위 1%,175273.80327331752,270,26957,1.001595132989576
월별,202412.0,2,상위 2%,136391.3934112791,541,26957,2.006899877582817
월별,202412.0,3,상위 3%,117585.99413861257,809,26957,3.001075787365063
월별,202412.0,4,상위 4%,108176.13012231703,1079,26957,4.002670920354639
월별,202412.0,5,상위 5%,99420.04971002486,1349,26957,5.004266053344215
월별,202412.0,6,상위 6%,93070.79523557537,1618,26957,6.002151574730126
월별,202412.0,7,상위 7%,87098.22751491223,1887,26957,7.000037096116037
월별,202412.0,8,상위 8%,83242.98397992668,2157,26957,8.001632229105612
월별,202412.0,9,상위 9%,79576.74896608989,2427,26957,9.003227362095188
월별,202412.0,10,상위 10%,76445.46673374936,2696,26957,10.001112883481099
월별,202412.0,11,상위 11%,73359.63555834944,2966,26957,11.002708016470676
월별,202412.0,12,상위 12%,70796.88037891289,3236,26957,12.004303149460252
월별,202412.0,13,상위 13%,68609.29928706281,3505,26957,13.002188670846163
월별,202412.0,14,상위 14%,66231.12299461523,3774,26957,14.000074192232074
월별,202412.0,15,상위 15%,64238.06013552437,4044,26957,15.00166932522165
월별,202412.0,16,상위 16%,62291.975701766445,4313,26957,15.99955484660756
월별,202412.0,17,상위 17%,60447.224658305764,4583,26957,17.001149979597134
월별,202412.0,18,상위 18%,59179.63745162335,4853,26957,18.002745112586712
월별,202412.0,19,상위 19%,57818.69751674971,5122,26957,19.000630633972623
월별,202412.0,20,상위 20%,56526.35376421362,5392,26957,20.002225766962198
월별,202412.0,21,상위 21%,55193.99908210634,5662,26957,21.003820899951776
월별,202412.0,22,상위 22%,53892.2367161758,5933,26957,22.009125644545016
월별,202412.0,23,상위 23%,52735.05687011092,6200,26957,22.999591942723598
월별,202412.0,24,상위 24%,51717.40781308775,6471,26957,24.004896687316837
월별,202412.0,25,상위 25%,50493.43272985445,6740,26957,25.00278220870275
월별,202412.0,26,상위 26%,49478.938097064536,7009,26957,26.00066773008866
월별,202412.0,27,상위 27%,48616.16086666171,7280,26957,27.0059724746819
월별,202412.0,28,상위 28%,47577.695834268685,7548,26957,28.000148384464147
월별,202412.0,29,상위 29%,46689.875881016174,7818,26957,29.001743517453722
월별,202412.0,30,상위 30%,45954.627988519,8087,26957,29.999629038839632
월별,202412.0,31,상위 31%,45015.15274384942,8357,26957,31.00122417182921
월별,202412.0,32,상위 32%,44286.68245777668,8627,26957,32.002819304818786
월별,202412.0,33,상위 33%,43487.297191795784,8896,26957,33.0007048262047
월별,202412.0,34,상위 34%,42521.19514831037,9166,26957,34.00229995919427
월별,202412.0,35,상위 35%,42009.90774845819,9435,26957,35.00018548058018
월별,202412.0,36,상위 36%,41312.12188283033,9705,26957,36.001780613569764
월별,202412.0,37,상위 37%,40550.31283464295,9974,26957,36.999666134955675
월별,202412.0,38,상위 38%,39783.532632836956,10244,26957,38.001261267945246
월별,202412.0,39,상위 39%,39167.0215023389,10513,26957,38.99914678933116
월별,202412.0,40,상위 40%,38546.67277268658,10783,26957,40.000741922320735
월별,202412.0,41,상위 41%,37898.0217846541,11052,26957,40.998627443706646
월별,202412.0,42,상위 42%,37360.40718002718,11322,26957,42.000222576696224
월별,202412.0,43,상위 43%,36674.603696353406,11592,26957,43.001817709685795
월별,202412.0,44,상위 44%,36133.85130966871,11862,26957,44.003412842675374
월별,202412.0,45,상위 45%,35585.55537119476,12133,26957,45.00871758726861
월별,202412.0,46,상위 46%,35069.517138329,12400,26957,45.999183885447195
월별,202412.0,47,상위 47%,34551.0619983163,12670,26957,47.00077901843677
월별,202412.0,48,상위 48%,33921.73737329575,12939,26957,47.998664539822684
월별,202412.0,49,상위 49%,33381.74924371731,13209,26957,49.000259672812255
월별,202412.0,50,상위 50%,32748.387096774197,13479,26957,50.00185480580184
월별,202412.0,51,상위 51%,32232.232232232232,13749,26957,51.00344993879141
월별,202412.0,52,상위 52%,31658.739890680572,14018,26957,52.00133546017732
월별,202412.0,53,상위 53%,31190.10836885342,14287,26957,52.999220981563234
월별,202412.0,54,상위 54%,30668.76998908857,14557,26957,54.000816114552805
월별,202412.0,55,상위 55%,30157.80245470485,14828,26957,55.006120859146044
월별,202412.0,56,상위 56%,29670.233746114147,15096,26957,56.000296768928294
월별,202412.0,57,상위 57%,29232.03963666392,15366,26957,57.001891901917865
월별,202412.0,58,상위 58%,28689.200329760923,15636,26957,58.003487034907444
월별,202412.0,59,상위 59%,28131.32281875914,15905,26957,59.001372556293354
월별,202412.0,60,상위 60%,27650.93110898051,16174,26957,59.999258077679265
월별,202412.0,61,상위 61%,27096.447551138885,16444,26957,61.00085321066885
월별,202412.0,62,상위 62%,26635.942139509247,16713,26957,61.99873873205476
월별,202412.0,63,상위 63%,26137.63890749245,16983,26957,63.00033386504433
월별,202412.0,64,상위 64%,25657.57511837255,17252,26957,63.99821938643024
월별,202412.0,65,상위 65%,25189.204301496884,17522,26957,64.99981451941981
월별,202412.0,66,상위 66%,24652.058215033838,17791,26957,65.99770004080573
월별,202412.0,67,상위 67%,24120.354384532387,18061,26957,66.9992951737953
월별,202412.0,68,상위 68%,23687.654548847542,18331,26957,68.00089030678488
월별,202412.0,69,상위 69%,23168.79949285838,18600,26957,68.99877582817079
월별,202412.0,70,상위 70%,22637.53663189591,18870,26957,70.00037096116036
월별,202412.0,71,상위 71%,22188.67924528302,19140,26957,71.00196609414994
월별,202412.0,72,상위 72%,21745.732329663195,19409,26957,71.99985161553585
월별,202412.0,73,상위 73%,21314.475795252154,19678,26957,72.99773713692177
월별,202412.0,74,상위 74%,20875.831877762794,19948,26957,73.99933226991135
월별,202412.0,75,상위 75%,20461.28500823723,20218,26957,75.00092740290091
월별,202412.0,76,상위 76%,19898.705791725806,20487,26957,75.99881292428682
월별,202412.0,77,상위 77%,19489.233850776167,20758,26957,77.00411766888007
월별,202412.0,78,상위 78%,18934.713641676408,21027,26957,78.00200319026598
월별,202412.0,79,상위 79%,18495.809651674503,21296,26957,78.99988871165189
월별,202412.0,80,상위 80%,18057.830976842626,21565,26957,79.9977742330378
월별,202412.0,81,상위 81%,17586.575196298065,21835,26957,80.99936936602738
월별,202412.0,82,상위 82%,17085.768747062673,22104,26957,81.99725488741329
월별,202412.0,83,상위 83%,16680.780000361654,22374,26957,82.99885002040286
월별,202412.0,84,상위 84%,16113.329825518047,22644,26957,84.00044515339245
월별,202412.0,85,상위 85%,15598.113371049409,22914,26957,85.00204028638201
월별,202412.0,86,상위 86%,15119.806479481642,23183,26957,85.99992580776792
월별,202412.0,87,상위 87%,14618.253164948936,23452,26957,86.99781132915383
월별,202412.0,88,상위 88%,14014.014014014016,23725,26957,88.0105352969544
월별,202412.0,89,상위 89%,13479.814740384976,23991,26957,88.99729198352932
월별,202412.0,90,상위 90%,12914.438502673796,24263,26957,90.00630633972622
월별,202412.0,91,상위 91%,12372.064682946095,24530,26957,90.99677263790481
월별,202412.0,92,상위 92%,11812.031657251775,24800,26957,91.99836777089439
월별,202412.0,93,상위 93%,11227.920117701535,25070,26957,92.99996290388395
월별,202412.0,94,상위 94%,10568.077610625374,25339,26957,93.99784842526986
월별,202412.0,95,상위 95%,9910.067848742969,25609,26957,94.99944355825946
월별,202412.0,96,상위 96%,9343.423853645905,25878,26957,95.99732907964537
월별,202412.0,97,상위 97%,8441.939574265662,26148,26957,96.99892421263495
월별,202412.0,98,상위 98%,7423.269947771861,26417,26957,97.99680973402086
월별,202412.0,99,상위 99%,6080.603451478872,26687,26957,98.99840486701042
월별,202412.0,100,상위 100%,2094.1487021557414,26957,26957,100.0
