gugun,dong,0_9,10_19,20_29,30_39,40_49,50_59,60_69,70_plus
강남구,개포1동,2246.0,3072.0,2256.0,2810.0,4626.0,3709.0,3136.0,2357.0
강남구,개포2동,3624.0,5163.0,4566.0,6210.0,7581.0,6733.0,4726.0,3340.0
강남구,개포3동,991.0,1622.0,1588.0,2398.0,2892.0,2421.0,2376.0,2449.0
강남구,개포4동,1503.0,2093.0,2848.0,3587.0,3737.0,3922.0,3184.0,2242.0
강남구,논현1동,513.0,815.0,3787.0,5148.0,3598.0,2779.0,2155.0,2066.0
강남구,논현2동,821.0,1193.0,3087.0,4072.0,3604.0,3046.0,2204.0,2259.0
강남구,대치1동,1548.0,5368.0,2191.0,1319.0,5382.0,4099.0,2124.0,1834.0
강남구,대치2동,2243.0,6817.0,3812.0,3315.0,7458.0,6587.0,4413.0,3591.0
강남구,대치4동,543.0,2163.0,2943.0,3088.0,3335.0,3357.0,1602.0,1451.0
강남구,도곡1동,1377.0,2399.0,2421.0,2781.0,3665.0,3295.0,2562.0,2023.0
강남구,도곡2동,2403.0,4670.0,3433.0,3022.0,6051.0,5514.0,3644.0,3646.0
강남구,삼성1동,638.0,1100.0,1512.0,1712.0,1878.0,1993.0,1663.0,1526.0
강남구,삼성2동,1894.0,3508.0,3792.0,4679.0,6060.0,5055.0,2629.0,2875.0
강남구,세곡동,3449.0,5069.0,5400.0,7406.0,7954.0,6305.0,5461.0,4887.0
강남구,수서동,509.0,486.0,1071.0,1864.0,1561.0,1788.0,3161.0,3405.0
강남구,신사동,828.0,1473.0,1883.0,2015.0,2458.0,2597.0,1809.0,2309.0
강남구,압구정동,1762.0,2657.0,2726.0,2777.0,4234.0,4262.0,3174.0,3942.0
강남구,역삼1동,800.0,1292.0,6639.0,9649.0,6096.0,4261.0,3005.0,2491.0
강남구,역삼2동,2083.0,5797.0,4388.0,4474.0,8229.0,6040.0,2563.0,2732.0
강남구,일원1동,547.0,941.0,1879.0,2136.0,1977.0,2081.0,2501.0,2319.0
강남구,일원본동,1703.0,3252.0,2190.0,2553.0,4277.0,3588.0,3015.0,2099.0
강남구,청담동,1597.0,2185.0,3083.0,3632.0,4363.0,3995.0,2994.0,2596.0
강동구,강일동,3147.0,3727.0,3480.0,4426.0,5714.0,5119.0,5045.0,3940.0
강동구,고덕1동,2038.0,3997.0,1923.0,2355.0,5289.0,3450.0,2869.0,1951.0
강동구,고덕2동,2607.0,2695.0,2246.0,3678.0,4810.0,3517.0,3061.0,2068.0
강동구,길동,2059.0,2670.0,6341.0,7508.0,6585.0,7261.0,7594.0,5779.0
강동구,둔촌1동,12.0,24.0,19.0,39.0,42.0,30.0,24.0,10.0
강동구,둔촌2동,1484.0,1813.0,3014.0,3712.0,3504.0,3841.0,3905.0,2872.0
강동구,명일1동,1959.0,2328.0,2646.0,3627.0,4129.0,3898.0,3720.0,2770.0
강동구,명일2동,916.0,2334.0,2049.0,1808.0,2895.0,2650.0,2490.0,1754.0
강동구,상일동,5594.0,6568.0,4974.0,6876.0,10133.0,7455.0,6449.0,4421.0
강동구,성내1동,1253.0,1574.0,2418.0,2968.0,3182.0,2963.0,2717.0,2212.0
강동구,성내2동,841.0,1028.0,3991.0,4530.0,3102.0,3452.0,3756.0,3125.0
강동구,성내3동,949.0,1463.0,3120.0,3339.0,3293.0,3761.0,3497.0,2793.0
강동구,암사1동,1632.0,2296.0,4166.0,4843.0,5027.0,5760.0,5404.0,4390.0
강동구,암사2동,1076.0,961.0,1699.0,2646.0,2273.0,2224.0,2071.0,1756.0
강동구,암사3동,1466.0,1961.0,1734.0,2027.0,3094.0,2613.0,2380.0,1889.0
강동구,천호1동,1058.0,1486.0,3198.0,3827.0,3604.0,4323.0,4572.0,3696.0
강동구,천호2동,1390.0,1587.0,4557.0,6068.0,4723.0,5075.0,5171.0,4198.0
강동구,천호3동,1072.0,1067.0,4348.0,5140.0,3502.0,3813.0,4113.0,3194.0
강북구,미아동,527.0,1102.0,3459.0,2665.0,2558.0,3513.0,3563.0,3303.0
강북구,번1동,442.0,823.0,2722.0,2404.0,2354.0,2778.0,2520.0,2480.0
강북구,번2동,464.0,810.0,1762.0,1571.0,1900.0,2503.0,2714.0,3020.0
강북구,번3동,628.0,1110.0,1630.0,1595.0,2035.0,2754.0,2704.0,3719.0
강북구,삼각산동,2153.0,3748.0,3240.0,3145.0,5451.0,5644.0,3676.0,3343.0
강북구,삼양동,962.0,1568.0,2752.0,2655.0,3069.0,4213.0,3831.0,3542.0
강북구,송중동,1210.0,1806.0,3681.0,3666.0,3964.0,4894.0,4778.0,4274.0
강북구,송천동,688.0,1289.0,2867.0,2878.0,3045.0,4489.0,4742.0,4357.0
강북구,수유1동,681.0,1206.0,2709.0,2625.0,2575.0,3287.0,3462.0,3190.0
강북구,수유2동,790.0,1206.0,2472.0,2333.0,2649.0,3552.0,3656.0,3708.0
강북구,수유3동,544.0,995.0,4161.0,3349.0,2849.0,3886.0,3706.0,3419.0
강북구,우이동,790.0,1225.0,2279.0,2349.0,2553.0,3538.0,3437.0,3595.0
강북구,인수동,1078.0,1893.0,3353.0,3409.0,3765.0,4979.0,5218.0,5116.0
강서구,가양1동,1312.0,1635.0,7621.0,8997.0,4418.0,4078.0,3599.0,2054.0
강서구,가양2동,412.0,379.0,1265.0,2189.0,1352.0,1585.0,3125.0,3022.0
강서구,가양3동,603.0,378.0,1231.0,2853.0,1762.0,1821.0,2618.0,2668.0
강서구,공항동,2664.0,2318.0,3615.0,4842.0,5187.0,4131.0,3721.0,2948.0
강서구,등촌1동,1228.0,1130.0,4587.0,6760.0,3511.0,3089.0,2528.0,2198.0
강서구,등촌2동,914.0,1395.0,2651.0,3302.0,2735.0,2963.0,2998.0,2257.0
강서구,등촌3동,1384.0,1594.0,3147.0,4587.0,3592.0,4342.0,5638.0,4932.0
강서구,발산1동,2216.0,4780.0,4246.0,3783.0,6233.0,6108.0,4427.0,3607.0
강서구,방화1동,2936.0,4267.0,4449.0,5802.0,6961.0,6470.0,6092.0,4686.0
강서구,방화2동,949.0,1235.0,2969.0,3833.0,2998.0,3390.0,3793.0,3477.0
강서구,방화3동,1011.0,1324.0,1948.0,3319.0,3168.0,3247.0,3920.0,3893.0
강서구,염창동,3348.0,4350.0,5196.0,7323.0,7240.0,6189.0,4594.0,3054.0
강서구,우장산동,2992.0,5394.0,5149.0,5198.0,8052.0,7201.0,5329.0,4280.0
강서구,화곡1동,1884.0,2175.0,8679.0,10055.0,7184.0,7166.0,7214.0,5936.0
강서구,화곡2동,768.0,1249.0,2303.0,2577.0,2695.0,2814.0,2515.0,2021.0
강서구,화곡3동,943.0,1563.0,2909.0,3033.0,3030.0,3166.0,3401.0,2914.0
강서구,화곡4동,770.0,1189.0,2393.0,2852.0,2967.0,3265.0,3264.0,2763.0
강서구,화곡6동,1403.0,1389.0,4293.0,5101.0,3526.0,3661.0,3761.0,2749.0
강서구,화곡8동,835.0,1368.0,3429.0,3664.0,3470.0,3603.0,3546.0,3148.0
강서구,화곡본동,1325.0,2140.0,5353.0,6055.0,4990.0,4838.0,4468.0,3495.0
관악구,낙성대동,496.0,804.0,5783.0,4012.0,1808.0,1692.0,1373.0,1469.0
관악구,난곡동,799.0,1540.0,3409.0,3450.0,3242.0,4360.0,4314.0,3945.0
관악구,난향동,797.0,1364.0,1572.0,1571.0,2435.0,2743.0,2190.0,2006.0
관악구,남현동,684.0,703.0,3724.0,3708.0,2114.0,2380.0,2263.0,2071.0
관악구,대학동,516.0,923.0,6453.0,5036.0,3337.0,3340.0,2570.0,2202.0
관악구,미성동,1231.0,1976.0,4223.0,4132.0,3946.0,4760.0,4789.0,4173.0
관악구,보라매동,856.0,1270.0,4328.0,4134.0,3026.0,3307.0,3380.0,3279.0
관악구,삼성동,577.0,1091.0,2046.0,2171.0,2395.0,3609.0,3981.0,3860.0
관악구,서림동,568.0,938.0,5530.0,4843.0,3107.0,3006.0,2821.0,2566.0
관악구,서원동,468.0,756.0,6407.0,5219.0,2634.0,2668.0,2523.0,2381.0
관악구,성현동,1509.0,2539.0,3537.0,3433.0,4352.0,4804.0,3971.0,3947.0
관악구,신림동,240.0,428.0,8771.0,6401.0,2481.0,1804.0,1463.0,1377.0
관악구,신사동,495.0,905.0,5892.0,4253.0,2488.0,2979.0,2679.0,2551.0
관악구,신원동,362.0,675.0,4080.0,3456.0,2024.0,2334.0,2202.0,2380.0
관악구,은천동,1492.0,2459.0,5028.0,5070.0,4624.0,4780.0,4387.0,4328.0
관악구,인헌동,778.0,1265.0,5699.0,4992.0,3114.0,3455.0,2990.0,2934.0
관악구,조원동,674.0,800.0,4319.0,4497.0,2392.0,2428.0,2429.0,2108.0
관악구,중앙동,317.0,531.0,4475.0,3258.0,1640.0,1656.0,1611.0,1752.0
관악구,청룡동,997.0,1492.0,11591.0,7527.0,3739.0,3896.0,3350.0,3355.0
관악구,청림동,1010.0,1053.0,1605.0,2354.0,2237.0,2307.0,2030.0,2035.0
관악구,행운동,834.0,1231.0,7463.0,6137.0,3389.0,3414.0,3219.0,3166.0
광진구,광장동,2388.0,5291.0,3787.0,3353.0,6731.0,6075.0,3551.0,2708.0
광진구,구의1동,812.0,1159.0,4743.0,4541.0,3172.0,3470.0,2864.0,2289.0
광진구,구의2동,1250.0,2111.0,3220.0,3621.0,3919.0,4447.0,3824.0,3109.0
광진구,구의3동,1534.0,2274.0,3980.0,4491.0,4077.0,4658.0,3807.0,2970.0
광진구,군자동,621.0,940.0,4149.0,3434.0,2432.0,2594.0,2564.0,2182.0
광진구,능동,418.0,487.0,2178.0,2461.0,1597.0,1447.0,1285.0,1144.0
광진구,자양1동,687.0,1360.0,3914.0,3823.0,3080.0,3386.0,3079.0,2509.0
광진구,자양2동,1168.0,1636.0,3168.0,3764.0,3470.0,3891.0,3719.0,2775.0
광진구,자양3동,1855.0,2385.0,3439.0,3841.0,4154.0,4547.0,3878.0,3025.0
광진구,자양4동,732.0,872.0,3184.0,3423.0,2502.0,3152.0,3195.0,2701.0
광진구,중곡1동,516.0,647.0,2751.0,3074.0,1936.0,2303.0,2172.0,1767.0
광진구,중곡2동,783.0,1218.0,3248.0,3614.0,2761.0,3296.0,3057.0,2355.0
광진구,중곡3동,557.0,782.0,2277.0,2714.0,1988.0,2626.0,2548.0,2032.0
광진구,중곡4동,981.0,1627.0,3809.0,4094.0,3484.0,5043.0,4740.0,3690.0
광진구,화양동,295.0,683.0,10218.0,4785.0,2003.0,1941.0,1627.0,1630.0
구로구,가리봉동,168.0,229.0,1580.0,1473.0,866.0,1546.0,1580.0,1303.0
구로구,개봉1동,1894.0,2114.0,3829.0,5052.0,4521.0,5429.0,5445.0,4655.0
구로구,개봉2동,1592.0,1985.0,3183.0,3872.0,4295.0,4750.0,5083.0,4737.0
구로구,개봉3동,820.0,1258.0,2093.0,2435.0,2769.0,3395.0,3563.0,3077.0
구로구,고척1동,1689.0,1822.0,3265.0,5173.0,3637.0,4037.0,3753.0,3178.0
구로구,고척2동,1222.0,2009.0,3001.0,3015.0,3509.0,4707.0,4256.0,3898.0
구로구,구로1동,1521.0,1878.0,2376.0,3605.0,3476.0,3021.0,2809.0,1794.0
구로구,구로2동,613.0,1144.0,2749.0,2726.0,2651.0,4206.0,4170.0,4036.0
구로구,구로3동,913.0,1305.0,4229.0,4600.0,3688.0,3177.0,2683.0,2525.0
구로구,구로4동,549.0,866.0,2400.0,2746.0,2281.0,3075.0,3143.0,3371.0
구로구,구로5동,1486.0,1374.0,4841.0,5718.0,3876.0,4354.0,3991.0,3470.0
구로구,수궁동,1051.0,1798.0,2538.0,2870.0,3303.0,3770.0,3976.0,3249.0
구로구,신도림동,2918.0,3567.0,4185.0,5877.0,6457.0,5431.0,4224.0,3392.0
구로구,오류1동,938.0,1081.0,3996.0,4559.0,2970.0,3040.0,3085.0,2949.0
구로구,오류2동,1968.0,3852.0,4036.0,4383.0,5773.0,5957.0,5321.0,5318.0
구로구,항동,2331.0,1554.0,1339.0,2872.0,3338.0,1879.0,1728.0,1220.0
금천구,가산동,552.0,592.0,7018.0,6793.0,2823.0,2716.0,2600.0,1854.0
금천구,독산1동,2803.0,2365.0,8363.0,10495.0,6607.0,6373.0,5686.0,4242.0
금천구,독산2동,644.0,992.0,2256.0,2494.0,2119.0,3321.0,3338.0,2456.0
금천구,독산3동,740.0,1059.0,3411.0,3711.0,2706.0,4124.0,4318.0,3238.0
금천구,독산4동,443.0,777.0,1824.0,1980.0,1690.0,2820.0,2787.0,2036.0
금천구,시흥1동,1312.0,1976.0,4214.0,4821.0,4285.0,5434.0,5307.0,4512.0
금천구,시흥2동,1136.0,1926.0,2055.0,2208.0,2932.0,3599.0,3582.0,2919.0
금천구,시흥3동,379.0,608.0,1170.0,1323.0,1236.0,1831.0,1977.0,1694.0
금천구,시흥4동,692.0,1239.0,2165.0,2313.0,2371.0,3538.0,3755.0,2985.0
금천구,시흥5동,664.0,1136.0,1997.0,2088.0,2210.0,3277.0,3306.0,3225.0
노원구,공릉1동,1406.0,2450.0,6636.0,4880.0,4845.0,5465.0,5499.0,4668.0
노원구,공릉2동,2810.0,4147.0,6830.0,5456.0,6495.0,6447.0,5223.0,3995.0
노원구,상계10동,1146.0,1473.0,2220.0,2820.0,2773.0,3143.0,2576.0,1881.0
노원구,상계1동,1731.0,2864.0,4462.0,4359.0,4963.0,6657.0,6483.0,5111.0
노원구,상계2동,659.0,1534.0,2859.0,2164.0,2442.0,3702.0,3199.0,2449.0
노원구,상계34동,1405.0,2091.0,3036.0,2830.0,3769.0,4990.0,4721.0,4489.0
노원구,상계5동,797.0,1641.0,2820.0,2577.0,2896.0,4354.0,3932.0,3781.0
노원구,상계67동,1794.0,2567.0,3969.0,4726.0,4677.0,5505.0,4411.0,3561.0
노원구,상계8동,1841.0,1687.0,2294.0,4770.0,3516.0,3103.0,2349.0,2093.0
노원구,상계9동,990.0,1675.0,2339.0,2650.0,2894.0,3516.0,2895.0,2497.0
노원구,월계1동,836.0,1512.0,3557.0,2342.0,2768.0,3306.0,3088.0,3009.0
노원구,월계2동,1313.0,1860.0,2702.0,2794.0,3678.0,4311.0,4490.0,4228.0
노원구,월계3동,1651.0,1825.0,3085.0,4231.0,4067.0,4525.0,4628.0,4459.0
노원구,중계1동,1654.0,5209.0,2719.0,1832.0,5655.0,4954.0,2527.0,1711.0
노원구,중계23동,1450.0,2577.0,3559.0,3844.0,4616.0,5540.0,5002.0,5521.0
노원구,중계4동,848.0,1913.0,2232.0,1804.0,2793.0,3626.0,2782.0,3028.0
노원구,중계본동,1107.0,4118.0,2867.0,1658.0,4154.0,4629.0,2593.0,1709.0
노원구,하계1동,838.0,2880.0,4588.0,2591.0,3198.0,4789.0,3934.0,3255.0
노원구,하계2동,1176.0,2402.0,2521.0,2438.0,3351.0,3818.0,2973.0,2402.0
도봉구,도봉1동,577.0,956.0,2042.0,2031.0,2418.0,3475.0,3976.0,4336.0
도봉구,도봉2동,1374.0,1398.0,2637.0,3342.0,3401.0,4179.0,4910.0,4823.0
도봉구,방학1동,1109.0,2000.0,3402.0,3038.0,3653.0,5052.0,4961.0,4253.0
도봉구,방학2동,616.0,1193.0,2061.0,1960.0,2267.0,3501.0,3493.0,3212.0
도봉구,방학3동,1411.0,2512.0,2697.0,2813.0,3655.0,4443.0,4814.0,3599.0
도봉구,쌍문1동,854.0,1383.0,2721.0,2364.0,2697.0,3694.0,3529.0,3377.0
도봉구,쌍문2동,756.0,1091.0,2105.0,2264.0,2423.0,3125.0,3193.0,2796.0
도봉구,쌍문3동,641.0,899.0,2304.0,2351.0,2201.0,2757.0,2653.0,2516.0
도봉구,쌍문4동,896.0,1784.0,2093.0,2104.0,2603.0,3163.0,3148.0,2173.0
도봉구,창1동,1088.0,1890.0,2923.0,3107.0,3494.0,4248.0,3753.0,3397.0
도봉구,창2동,1292.0,1966.0,3585.0,3775.0,3982.0,4918.0,4482.0,3923.0
도봉구,창3동,474.0,881.0,1470.0,1456.0,1848.0,2430.0,2348.0,2146.0
도봉구,창4동,1371.0,2269.0,3500.0,3453.0,3847.0,4748.0,4091.0,3095.0
도봉구,창5동,1122.0,1705.0,3115.0,3402.0,3105.0,4224.0,3933.0,3178.0
동대문구,답십리1동,2219.0,1911.0,3783.0,4845.0,4642.0,4020.0,3516.0,2875.0
동대문구,답십리2동,1542.0,1677.0,3088.0,4253.0,3717.0,4531.0,4440.0,4048.0
동대문구,용신동,1904.0,1909.0,7025.0,7083.0,5494.0,5696.0,5076.0,4433.0
동대문구,이문1동,548.0,1188.0,5115.0,2031.0,1903.0,2450.0,2093.0,2330.0
동대문구,이문2동,977.0,1553.0,2594.0,2280.0,2687.0,3321.0,2862.0,2928.0
동대문구,장안1동,2026.0,2507.0,4755.0,5961.0,6021.0,5792.0,5633.0,4642.0
동대문구,장안2동,2441.0,2849.0,3702.0,4730.0,5729.0,5042.0,4509.0,3695.0
동대문구,전농1동,1950.0,2150.0,5000.0,4684.0,4794.0,5407.0,4787.0,4094.0
동대문구,전농2동,942.0,1515.0,1961.0,2094.0,2598.0,3133.0,2861.0,2681.0
동대문구,제기동,737.0,1175.0,4330.0,2988.0,2544.0,3466.0,3715.0,3946.0
동대문구,청량리동,586.0,918.0,2194.0,2154.0,2120.0,3004.0,3788.0,3860.0
동대문구,회기동,294.0,728.0,3442.0,1497.0,1145.0,1200.0,958.0,1098.0
동대문구,휘경1동,633.0,811.0,3710.0,2049.0,1594.0,1893.0,1484.0,1528.0
동대문구,휘경2동,924.0,1915.0,5812.0,3097.0,3051.0,3565.0,2977.0,2904.0
동작구,노량진1동,1498.0,1802.0,5938.0,6010.0,4078.0,4555.0,4442.0,4166.0
동작구,노량진2동,154.0,296.0,1794.0,1679.0,996.0,1259.0,1436.0,1318.0
동작구,대방동,1549.0,3543.0,5975.0,5001.0,5469.0,5770.0,4228.0,4015.0
동작구,사당1동,581.0,797.0,5011.0,4835.0,2809.0,2779.0,2965.0,2674.0
동작구,사당2동,1639.0,1743.0,3408.0,4408.0,4113.0,4501.0,4110.0,4116.0
동작구,사당3동,1666.0,1566.0,2906.0,3638.0,3555.0,3497.0,3465.0,3305.0
동작구,사당4동,525.0,668.0,2305.0,2368.0,1857.0,1991.0,2063.0,1978.0
동작구,사당5동,829.0,874.0,1945.0,2558.0,2118.0,2156.0,1911.0,1702.0
동작구,상도1동,2031.0,3146.0,10370.0,5753.0,5596.0,6552.0,5521.0,5201.0
동작구,상도2동,2052.0,2026.0,3936.0,4367.0,4436.0,4111.0,3393.0,3075.0
동작구,상도3동,807.0,1379.0,4013.0,3904.0,3154.0,3759.0,3487.0,3333.0
동작구,상도4동,1191.0,1740.0,4197.0,4740.0,3954.0,4448.0,4175.0,3796.0
동작구,신대방1동,1229.0,2171.0,3288.0,3154.0,3502.0,3858.0,3221.0,2784.0
동작구,신대방2동,1367.0,1748.0,3616.0,3791.0,3281.0,3216.0,2483.0,2462.0
동작구,흑석동,2235.0,2269.0,4443.0,4089.0,4649.0,4974.0,3893.0,3608.0
마포구,공덕동,1809.0,2075.0,5662.0,6487.0,4965.0,6116.0,4973.0,4240.0
마포구,대흥동,537.0,870.0,3635.0,2473.0,1925.0,2042.0,1522.0,1372.0
마포구,도화동,1241.0,1428.0,2552.0,3566.0,2893.0,3320.0,2970.0,2656.0
마포구,망원1동,721.0,1027.0,3011.0,3610.0,2862.0,2893.0,2444.0,2407.0
마포구,망원2동,783.0,1344.0,2487.0,2880.0,2791.0,2896.0,2262.0,2258.0
마포구,상암동,1806.0,3615.0,4266.0,3569.0,4962.0,5096.0,3323.0,2960.0
마포구,서강동,1550.0,1666.0,4718.0,4044.0,3724.0,3783.0,2715.0,2375.0
마포구,서교동,635.0,1001.0,5801.0,5344.0,3399.0,3119.0,2257.0,2406.0
마포구,성산1동,655.0,1243.0,2981.0,3308.0,2921.0,3014.0,2273.0,2108.0
마포구,성산2동,1744.0,2870.0,6621.0,6877.0,5429.0,5983.0,4584.0,4558.0
마포구,신수동,1422.0,1782.0,3332.0,3370.0,3442.0,3838.0,2622.0,2362.0
마포구,아현동,2923.0,2080.0,3145.0,5849.0,5139.0,4249.0,3280.0,2372.0
마포구,연남동,448.0,648.0,2837.0,2956.0,2074.0,1955.0,1620.0,1626.0
마포구,염리동,1263.0,1709.0,2353.0,2722.0,3114.0,2562.0,1663.0,1473.0
마포구,용강동,1821.0,2191.0,1979.0,3385.0,4230.0,3229.0,2314.0,2130.0
마포구,합정동,596.0,705.0,2909.0,3628.0,2388.0,2199.0,1906.0,1832.0
서대문구,남가좌1동,1881.0,1888.0,1520.0,2217.0,3410.0,2414.0,1765.0,1584.0
서대문구,남가좌2동,2231.0,2413.0,4026.0,4021.0,4663.0,4530.0,3488.0,3606.0
서대문구,북가좌1동,1103.0,1901.0,1833.0,2128.0,2931.0,3005.0,2398.0,2194.0
서대문구,북가좌2동,1122.0,2087.0,4222.0,4082.0,4210.0,5204.0,4869.0,4619.0
서대문구,북아현동,1277.0,974.0,1913.0,2810.0,2494.0,2499.0,1917.0,1585.0
서대문구,신촌동,446.0,956.0,8622.0,3672.0,1842.0,1927.0,1421.0,1551.0
서대문구,연희동,1228.0,2002.0,7577.0,5344.0,4382.0,4928.0,4089.0,4302.0
서대문구,천연동,1004.0,1229.0,1911.0,2322.0,2362.0,2913.0,2439.0,2354.0
서대문구,충현동,997.0,1283.0,2925.0,3337.0,2767.0,3160.0,2774.0,2360.0
서대문구,홍은1동,1225.0,1479.0,2584.0,2973.0,3107.0,3855.0,3608.0,3261.0
서대문구,홍은2동,1422.0,2165.0,4076.0,3964.0,3946.0,4801.0,4238.0,3764.0
서대문구,홍제1동,1395.0,1713.0,3049.0,3598.0,3516.0,4229.0,3708.0,3412.0
서대문구,홍제2동,624.0,842.0,1513.0,1897.0,1607.0,2380.0,2210.0,1953.0
서대문구,홍제3동,971.0,1083.0,2214.0,2412.0,2259.0,3076.0,2718.0,2835.0
서초구,내곡동,1340.0,1604.0,1587.0,2280.0,2882.0,2450.0,2542.0,2330.0
서초구,반포1동,2825.0,4114.0,3923.0,4968.0,7106.0,4863.0,3170.0,2842.0
서초구,반포2동,2337.0,3906.0,2351.0,2344.0,4887.0,4118.0,2402.0,2395.0
서초구,반포3동,1794.0,3287.0,2617.0,2568.0,4370.0,4393.0,2475.0,2339.0
서초구,반포4동,1416.0,2088.0,2055.0,2308.0,3256.0,3104.0,2254.0,2048.0
서초구,반포본동,16.0,25.0,28.0,16.0,44.0,46.0,23.0,26.0
서초구,방배1동,888.0,1281.0,2146.0,2663.0,2685.0,2496.0,2102.0,2192.0
서초구,방배2동,900.0,1502.0,2257.0,2677.0,2691.0,2852.0,2663.0,2438.0
서초구,방배3동,1047.0,1632.0,1773.0,1856.0,2511.0,2610.0,2292.0,2048.0
서초구,방배4동,1216.0,2597.0,2782.0,3149.0,3965.0,3769.0,2595.0,2615.0
서초구,방배본동,1149.0,2643.0,2412.0,2216.0,3540.0,3511.0,2408.0,2266.0
서초구,서초1동,1088.0,1838.0,2653.0,3295.0,3496.0,3238.0,2437.0,2175.0
서초구,서초2동,1977.0,2296.0,3309.0,4853.0,4574.0,3264.0,2299.0,2152.0
서초구,서초3동,1448.0,2682.0,5223.0,5348.0,4735.0,5235.0,3779.0,3568.0
서초구,서초4동,2387.0,4092.0,3413.0,3094.0,5753.0,5290.0,3140.0,3078.0
서초구,양재1동,2575.0,4290.0,4600.0,5948.0,6765.0,6423.0,5908.0,4992.0
서초구,양재2동,943.0,1404.0,3138.0,4136.0,3340.0,3367.0,2776.0,2074.0
서초구,잠원동,1735.0,3345.0,3239.0,3337.0,4836.0,4919.0,3025.0,2334.0
성동구,금호1가동,1046.0,1028.0,1479.0,2298.0,2467.0,2323.0,2157.0,1872.0
성동구,금호23가동,1514.0,1235.0,2399.0,3774.0,3488.0,3508.0,3083.0,2748.0
성동구,금호4가동,1162.0,920.0,1277.0,2339.0,2554.0,2129.0,1954.0,1759.0
성동구,마장동,942.0,1414.0,4034.0,3161.0,2565.0,3378.0,3186.0,2781.0
성동구,사근동,309.0,784.0,4887.0,1636.0,1031.0,1295.0,997.0,1114.0
성동구,성수1가1동,775.0,884.0,2153.0,2878.0,1990.0,2742.0,2438.0,1482.0
성동구,성수1가2동,571.0,730.0,1693.0,2322.0,1709.0,1817.0,1650.0,1338.0
성동구,성수2가1동,548.0,714.0,1791.0,2399.0,1848.0,2493.0,2758.0,1872.0
성동구,성수2가3동,422.0,499.0,1547.0,1855.0,1317.0,1540.0,1457.0,1256.0
성동구,송정동,346.0,471.0,1401.0,1561.0,1290.0,1674.0,1677.0,1189.0
성동구,옥수동,2254.0,1598.0,2353.0,4589.0,4458.0,3786.0,3449.0,2914.0
성동구,왕십리2동,1011.0,1025.0,2174.0,2849.0,2311.0,2601.0,2267.0,1814.0
성동구,왕십리도선동,1957.0,1646.0,3920.0,4455.0,3870.0,4307.0,3317.0,2733.0
성동구,용답동,266.0,504.0,2694.0,2186.0,1373.0,1873.0,1632.0,1570.0
성동구,응봉동,931.0,1458.0,1629.0,2042.0,2548.0,2539.0,1854.0,1823.0
성동구,행당1동,822.0,991.0,2151.0,2275.0,2037.0,2174.0,1757.0,1523.0
성동구,행당2동,1517.0,1864.0,2515.0,3449.0,3503.0,3967.0,3072.0,2844.0
성북구,길음1동,2840.0,5017.0,3507.0,3706.0,7138.0,6000.0,3551.0,3350.0
성북구,길음2동,1971.0,2052.0,2432.0,2772.0,3835.0,3678.0,2595.0,2097.0
성북구,돈암1동,645.0,1028.0,1828.0,1853.0,1775.0,2578.0,2340.0,2080.0
성북구,돈암2동,1579.0,2575.0,2670.0,2732.0,3831.0,4373.0,3064.0,2559.0
성북구,동선동,385.0,873.0,4712.0,2412.0,1721.0,1899.0,1454.0,1579.0
성북구,보문동,927.0,979.0,2616.0,2772.0,2286.0,2689.0,2077.0,1785.0
성북구,삼선동,762.0,1618.0,4152.0,3055.0,2901.0,3785.0,2882.0,2880.0
성북구,석관동,1578.0,1966.0,4537.0,4633.0,4480.0,5647.0,5596.0,5213.0
성북구,성북동,597.0,1036.0,2503.0,2512.0,2173.0,2726.0,2159.0,2195.0
성북구,안암동,357.0,801.0,5618.0,2041.0,1380.0,1887.0,1486.0,1526.0
성북구,월곡1동,1573.0,2381.0,2727.0,3179.0,4029.0,4329.0,3707.0,3448.0
성북구,월곡2동,747.0,1328.0,3443.0,2560.0,2425.0,2937.0,2729.0,2635.0
성북구,장위1동,1408.0,1720.0,2935.0,3120.0,3443.0,4102.0,3656.0,2840.0
성북구,장위2동,454.0,737.0,1708.0,1792.0,1599.0,2217.0,2214.0,2250.0
성북구,장위3동,1435.0,1271.0,1914.0,2220.0,2603.0,2568.0,1995.0,1478.0
성북구,정릉1동,1174.0,1615.0,2190.0,2302.0,2837.0,2924.0,2340.0,2326.0
성북구,정릉2동,1185.0,1568.0,2962.0,2966.0,3078.0,3835.0,3513.0,3243.0
성북구,정릉3동,413.0,924.0,3438.0,1765.0,1502.0,2236.0,2210.0,2366.0
성북구,정릉4동,1159.0,1917.0,3080.0,2861.0,3481.0,4259.0,3677.0,3551.0
성북구,종암동,1988.0,3346.0,5326.0,4513.0,5621.0,6334.0,5205.0,4991.0
송파구,가락1동,2978.0,2784.0,2429.0,4620.0,5064.0,3588.0,3584.0,2346.0
송파구,가락2동,1971.0,3162.0,3918.0,4619.0,5003.0,5075.0,4404.0,2882.0
송파구,가락본동,1312.0,1582.0,3416.0,4441.0,3523.0,4159.0,4009.0,2566.0
송파구,거여1동,461.0,804.0,1533.0,1662.0,1555.0,2143.0,1999.0,1722.0
송파구,거여2동,1708.0,1720.0,2415.0,3451.0,3543.0,4013.0,3613.0,2977.0
송파구,마천1동,626.0,1286.0,1912.0,1952.0,2236.0,3291.0,3342.0,2939.0
송파구,마천2동,546.0,1012.0,1951.0,1991.0,2198.0,3222.0,3553.0,2860.0
송파구,문정1동,1035.0,1354.0,2976.0,3447.0,2692.0,3058.0,3140.0,2039.0
송파구,문정2동,1369.0,1470.0,4564.0,7371.0,4524.0,3469.0,3155.0,2887.0
송파구,방이1동,867.0,1449.0,2003.0,2171.0,2364.0,2535.0,2144.0,1569.0
송파구,방이2동,875.0,1077.0,5122.0,6644.0,3637.0,3369.0,3147.0,2444.0
송파구,삼전동,1028.0,1707.0,4633.0,6367.0,4584.0,4149.0,3679.0,2754.0
송파구,석촌동,1152.0,1541.0,4926.0,6871.0,4550.0,4364.0,4095.0,3143.0
송파구,송파1동,908.0,1134.0,3932.0,5463.0,3285.0,3160.0,3012.0,2390.0
송파구,송파2동,1209.0,1749.0,2323.0,2735.0,2954.0,2922.0,2808.0,1945.0
송파구,오금동,2240.0,2982.0,4624.0,5201.0,5375.0,6629.0,6291.0,4552.0
송파구,오륜동,1095.0,2498.0,1833.0,1618.0,3008.0,2935.0,2676.0,2039.0
송파구,위례동,6224.0,6288.0,4231.0,6682.0,9386.0,6037.0,3876.0,2296.0
송파구,잠실2동,3268.0,5781.0,3353.0,3211.0,7988.0,5693.0,2936.0,2640.0
송파구,잠실3동,2498.0,4077.0,3468.0,3493.0,6021.0,5517.0,4635.0,4123.0
송파구,잠실4동,2176.0,2671.0,1862.0,2388.0,4375.0,3169.0,2506.0,1987.0
송파구,잠실6동,1236.0,1713.0,1720.0,1948.0,2815.0,2544.0,2495.0,1989.0
송파구,잠실7동,534.0,890.0,1085.0,947.0,1248.0,1619.0,1464.0,1613.0
송파구,잠실본동,913.0,1451.0,4924.0,6334.0,4118.0,3938.0,3510.0,2527.0
송파구,장지동,1951.0,2343.0,3440.0,4512.0,4355.0,4666.0,4300.0,3121.0
송파구,풍납1동,519.0,673.0,1247.0,1610.0,1555.0,1957.0,2270.0,1803.0
송파구,풍납2동,1502.0,1837.0,3177.0,3659.0,3647.0,3566.0,3305.0,2671.0
양천구,목1동,2384.0,5053.0,2883.0,2738.0,6460.0,5145.0,3213.0,2305.0
양천구,목2동,1257.0,2227.0,4172.0,5078.0,4208.0,4677.0,4172.0,2848.0
양천구,목3동,1040.0,1240.0,3053.0,3750.0,2972.0,3386.0,3274.0,2401.0
양천구,목4동,944.0,2945.0,3642.0,2735.0,3717.0,4900.0,3006.0,2375.0
양천구,목5동,2953.0,7188.0,3861.0,3445.0,8550.0,6726.0,4704.0,3203.0
양천구,신월1동,639.0,1112.0,2178.0,2418.0,2637.0,3422.0,3830.0,2972.0
양천구,신월2동,1200.0,1725.0,2344.0,2720.0,3195.0,3283.0,3414.0,2817.0
양천구,신월3동,615.0,896.0,1620.0,1847.0,1843.0,2525.0,2654.0,2130.0
양천구,신월4동,1036.0,1531.0,1902.0,2021.0,2756.0,2794.0,2868.0,2396.0
양천구,신월5동,659.0,1132.0,1772.0,1923.0,2033.0,2359.0,2318.0,1738.0
양천구,신월6동,1354.0,1252.0,1377.0,2215.0,2353.0,2073.0,1851.0,1319.0
양천구,신월7동,731.0,1051.0,2023.0,2487.0,2395.0,3186.0,3549.0,3045.0
양천구,신정1동,1467.0,2921.0,1982.0,1768.0,3870.0,3286.0,2418.0,1930.0
양천구,신정2동,990.0,2925.0,2029.0,1563.0,3456.0,3360.0,2474.0,1850.0
양천구,신정3동,2949.0,5175.0,5968.0,5851.0,7570.0,9063.0,7003.0,5512.0
양천구,신정4동,1085.0,1945.0,4904.0,4871.0,4491.0,5215.0,4854.0,4284.0
양천구,신정6동,1723.0,3542.0,2554.0,2451.0,4499.0,4177.0,2982.0,1992.0
양천구,신정7동,1580.0,3245.0,2876.0,2926.0,4566.0,4942.0,4362.0,3671.0
영등포구,당산1동,959.0,894.0,3633.0,5087.0,2709.0,2857.0,2633.0,2374.0
영등포구,당산2동,2302.0,2285.0,6632.0,8214.0,5243.0,4657.0,3908.0,3345.0
영등포구,대림1동,654.0,743.0,1766.0,1800.0,1765.0,2319.0,2278.0,2320.0
영등포구,대림2동,316.0,479.0,1772.0,1874.0,1360.0,1935.0,1859.0,2094.0
영등포구,대림3동,917.0,1151.0,2675.0,3147.0,2612.0,3806.0,3884.0,3223.0
영등포구,도림동,784.0,794.0,2543.0,3342.0,2371.0,2888.0,2558.0,2358.0
영등포구,문래동,2749.0,2992.0,3464.0,5522.0,5905.0,4540.0,3451.0,3358.0
영등포구,신길1동,686.0,856.0,3570.0,3632.0,2368.0,2906.0,2705.0,2523.0
영등포구,신길3동,980.0,1036.0,1868.0,2366.0,2280.0,2635.0,2609.0,2181.0
영등포구,신길4동,731.0,782.0,1343.0,1816.0,1770.0,1974.0,2015.0,1631.0
영등포구,신길5동,622.0,713.0,1025.0,1286.0,1443.0,1623.0,1651.0,1403.0
영등포구,신길6동,880.0,1073.0,2695.0,3055.0,2292.0,2689.0,2633.0,2284.0
영등포구,신길7동,1836.0,1813.0,2334.0,3329.0,3363.0,2924.0,2350.0,1772.0
영등포구,양평1동,1129.0,989.0,2987.0,4540.0,2917.0,2185.0,1728.0,1731.0
영등포구,양평2동,1455.0,1354.0,3768.0,5601.0,3298.0,3071.0,2387.0,1815.0
영등포구,여의동,2295.0,2940.0,3622.0,5016.0,5367.0,5365.0,4420.0,4663.0
영등포구,영등포동,1043.0,821.0,8054.0,8997.0,3587.0,3350.0,2970.0,2228.0
영등포구,영등포본동,1115.0,1062.0,2671.0,3271.0,2777.0,3478.0,3403.0,2900.0
용산구,남영동,126.0,219.0,764.0,1032.0,807.0,1440.0,1463.0,946.0
용산구,보광동,179.0,402.0,1052.0,1291.0,1108.0,1516.0,1484.0,1272.0
용산구,서빙고동,648.0,1377.0,1541.0,1479.0,2147.0,2148.0,1674.0,1525.0
용산구,용문동,585.0,643.0,1563.0,1923.0,1540.0,1855.0,1604.0,1562.0
용산구,용산2가동,242.0,434.0,1286.0,1629.0,1215.0,1235.0,1329.0,1447.0
용산구,원효로1동,1076.0,933.0,2838.0,4226.0,2639.0,2186.0,1810.0,1304.0
용산구,원효로2동,710.0,957.0,1857.0,2353.0,1921.0,2235.0,1871.0,1661.0
용산구,이촌1동,2114.0,2622.0,2524.0,2932.0,4151.0,4381.0,3125.0,3080.0
용산구,이촌2동,404.0,433.0,807.0,1292.0,1113.0,1271.0,1278.0,1202.0
용산구,이태원1동,203.0,231.0,819.0,1173.0,794.0,913.0,1004.0,941.0
용산구,이태원2동,328.0,415.0,1186.0,1691.0,1309.0,1248.0,1171.0,1323.0
용산구,청파동,470.0,946.0,4004.0,3379.0,2240.0,2957.0,2505.0,2266.0
용산구,한강로동,1201.0,946.0,3125.0,4871.0,2825.0,3171.0,2707.0,2076.0
용산구,한남동,930.0,931.0,1693.0,2725.0,2546.0,2427.0,2053.0,1859.0
용산구,효창동,694.0,670.0,1542.0,1989.0,1579.0,1734.0,1256.0,1120.0
용산구,후암동,665.0,1088.0,2133.0,2784.0,2269.0,2580.0,2321.0,2073.0
은평구,갈현1동,441.0,933.0,2055.0,2039.0,1883.0,2490.0,2361.0,2124.0
은평구,갈현2동,1017.0,2127.0,3856.0,3570.0,3970.0,4925.0,4172.0,3721.0
은평구,구산동,1227.0,2446.0,4116.0,3768.0,4402.0,5653.0,5155.0,4476.0
은평구,녹번동,2002.0,2091.0,4401.0,5621.0,5291.0,5820.0,5428.0,5212.0
은평구,대조동,878.0,1374.0,5027.0,5070.0,3489.0,4084.0,3708.0,3768.0
은평구,불광1동,1751.0,2334.0,4704.0,5357.0,5143.0,6391.0,6062.0,5712.0
은평구,불광2동,753.0,1407.0,3746.0,3790.0,3336.0,4617.0,4621.0,4392.0
은평구,수색동,1781.0,1445.0,2593.0,3684.0,3026.0,3620.0,2718.0,2033.0
은평구,신사1동,1142.0,1748.0,3515.0,3732.0,3766.0,4469.0,4255.0,3669.0
은평구,신사2동,813.0,1318.0,2368.0,2624.0,2675.0,3184.0,3167.0,2697.0
은평구,역촌동,1709.0,3020.0,5689.0,5944.0,6596.0,7485.0,6812.0,6299.0
은평구,응암1동,2089.0,2604.0,4195.0,5172.0,5336.0,5127.0,4139.0,3827.0
은평구,응암2동,2625.0,2622.0,2418.0,4111.0,5517.0,4013.0,3121.0,2831.0
은평구,응암3동,703.0,1206.0,3216.0,3268.0,2983.0,3839.0,3916.0,4200.0
은평구,증산동,1005.0,1243.0,2191.0,2504.0,2442.0,2995.0,2708.0,2349.0
은평구,진관동,3198.0,6911.0,6613.0,6049.0,8899.0,9185.0,6907.0,6085.0
종로구,가회동,152.0,304.0,398.0,510.0,608.0,688.0,546.0,622.0
종로구,교남동,729.0,763.0,1101.0,1409.0,1680.0,1629.0,1196.0,1144.0
종로구,무악동,516.0,932.0,816.0,809.0,1280.0,1433.0,1105.0,1039.0
종로구,부암동,378.0,792.0,1061.0,1169.0,1369.0,1626.0,1371.0,1293.0
종로구,사직동,442.0,635.0,1039.0,1436.0,1408.0,1464.0,1260.0,1310.0
종로구,삼청동,82.0,159.0,238.0,289.0,310.0,338.0,382.0,433.0
종로구,숭인1동,187.0,328.0,717.0,806.0,793.0,1077.0,994.0,873.0
종로구,숭인2동,193.0,280.0,2503.0,1972.0,1039.0,1521.0,1399.0,1137.0
종로구,이화동,167.0,324.0,1556.0,1232.0,783.0,1006.0,940.0,970.0
종로구,종로1234가동,154.0,214.0,967.0,979.0,840.0,1081.0,1323.0,1139.0
종로구,종로56가동,143.0,191.0,1134.0,912.0,569.0,832.0,799.0,746.0
종로구,창신1동,102.0,171.0,525.0,599.0,481.0,826.0,1003.0,778.0
종로구,창신2동,153.0,324.0,908.0,893.0,775.0,1625.0,1519.0,1225.0
종로구,창신3동,279.0,411.0,788.0,905.0,796.0,1160.0,1092.0,864.0
종로구,청운효자동,565.0,1048.0,1361.0,1506.0,1824.0,1909.0,1434.0,1556.0
종로구,평창동,963.0,1521.0,1953.0,2040.0,2441.0,3104.0,2822.0,2425.0
종로구,혜화동,487.0,1226.0,4324.0,2033.0,1858.0,2332.0,1737.0,1952.0
중구,광희동,122.0,183.0,1204.0,1272.0,667.0,743.0,844.0,758.0
중구,다산동,417.0,673.0,1996.0,2159.0,1699.0,2143.0,2086.0,1986.0
중구,동화동,563.0,719.0,1100.0,1297.0,1365.0,1798.0,1669.0,1397.0
중구,명동,56.0,117.0,322.0,344.0,346.0,451.0,474.0,469.0
중구,소공동,141.0,144.0,216.0,448.0,519.0,326.0,223.0,174.0
중구,신당5동,441.0,508.0,1444.0,1832.0,1405.0,1722.0,1489.0,1304.0
중구,신당동,225.0,241.0,1258.0,1319.0,961.0,1187.0,1155.0,1062.0
중구,약수동,802.0,858.0,1750.0,2310.0,2144.0,2645.0,2698.0,2863.0
중구,을지로동,134.0,75.0,409.0,944.0,461.0,369.0,392.0,320.0
중구,장충동,133.0,283.0,1224.0,669.0,507.0,576.0,539.0,623.0
중구,중림동,922.0,718.0,1345.0,2117.0,2095.0,1834.0,1625.0,1492.0
중구,청구동,611.0,711.0,1550.0,2167.0,1598.0,2119.0,2091.0,2017.0
중구,필동,132.0,201.0,795.0,838.0,521.0,574.0,612.0,583.0
중구,황학동,602.0,456.0,2178.0,3088.0,1845.0,1691.0,1606.0,1392.0
중구,회현동,157.0,197.0,415.0,528.0,519.0,776.0,929.0,829.0
중랑구,망우3동,525.0,842.0,1887.0,1955.0,1942.0,2977.0,3027.0,2383.0
중랑구,망우본동,2683.0,2187.0,4445.0,6506.0,5365.0,5767.0,6172.0,4694.0
중랑구,면목2동,886.0,1315.0,2814.0,3392.0,3160.0,4356.0,4178.0,3310.0
중랑구,면목38동,871.0,1205.0,3197.0,3523.0,3108.0,4277.0,4406.0,3552.0
중랑구,면목4동,804.0,1092.0,2135.0,2460.0,2605.0,3176.0,2973.0,2780.0
중랑구,면목5동,1225.0,880.0,1468.0,2350.0,2367.0,2366.0,2176.0,1600.0
중랑구,면목7동,1002.0,1045.0,2622.0,3285.0,2813.0,3542.0,3721.0,3075.0
중랑구,면목본동,1171.0,1543.0,4672.0,5356.0,4291.0,5841.0,5336.0,4381.0
중랑구,묵1동,1661.0,2878.0,4565.0,4569.0,5036.0,5518.0,4944.0,4312.0
중랑구,묵2동,751.0,1020.0,2365.0,2654.0,2525.0,3090.0,3035.0,2575.0
중랑구,상봉1동,1401.0,1705.0,2786.0,3408.0,3197.0,3901.0,3842.0,2708.0
중랑구,상봉2동,687.0,685.0,4274.0,4804.0,2423.0,2869.0,2712.0,2112.0
중랑구,신내1동,2119.0,3772.0,4130.0,4548.0,5474.0,6117.0,6215.0,5015.0
중랑구,신내2동,953.0,1398.0,2067.0,2723.0,2718.0,3277.0,3404.0,2963.0
중랑구,중화1동,851.0,1137.0,2260.0,2926.0,2533.0,2955.0,3259.0,2592.0
중랑구,중화2동,811.0,965.0,3170.0,3566.0,2965.0,4216.0,4465.0,3476.0
